"STATION","NAME","DATE","CDSD","CDSD_ATTRIBUTES","EMNT","EMNT_ATTRIBUTES","EMXT","EMXT_ATTRIBUTES","HDSD","HDSD_ATTRIBUTES","TAVG","TAVG_ATTRIBUTES","TMAX","TMAX_ATTRIBUTES","TMIN","TMIN_ATTRIBUTES"
"USC00010505","BANKHEAD LOCK AND DAM, AL US","2017-12",,,"-8.3","3,7,31,","21.7","3,7,01,","541.6","7","7.6","3,7","12.8","3,,,7","2.4","3,,,7"
"USC00010505","BANKHEAD LOCK AND DAM, AL US","2018-01","0.0",,"-11.1",",7,18,+","23.9",",7,12,","977.1",,"4.3",",7","10.8",",,,7","-2.2",",,,7"
"USC00010505","BANKHEAD LOCK AND DAM, AL US","2018-02","13.0",,"-1.1",",7,09,+","27.2",",7,22,","1141.1",,"12.9",",7","18.3",",,,7","7.6",",,,7"
"USC00010505","BANKHEAD LOCK AND DAM, AL US","2018-03","16.4",,"-1.7","1,7,09,+","28.3","1,7,03,+","1314.5",,"12.7","1,7","20.1","1,,,7","5.2","1,,,7"
"USC00010505","BANKHEAD LOCK AND DAM, AL US","2018-04","18.3",,"1.7",",7,16,","27.2",",7,03,","1431.6",,"14.5",",7","21.5",",,,7","7.5",",,,7"
"USC00010505","BANKHEAD LOCK AND DAM, AL US","2018-05","178.7",,"7.8",",7,01,","33.3",",7,15,","1431.9",,"23.5",",7","29.4",",,,7","17.6",",,,7"
"USC00010505","BANKHEAD LOCK AND DAM, AL US","2018-06","406.6",,"16.7",",7,06,+","34.4","1,7,26,+","1431.9",,"26.2","1,7","31.8","1,,,7","20.6",",,,7"
"USC00012245","DEMOPOLIS LOCK AND DAM, AL US","2017-12",,,"-3.9","3,7,17,+","25.0","3,7,06,",,,"8.2","3,7","13.8","3,,,7","2.6","3,,,7"
"USC00012245","DEMOPOLIS LOCK AND DAM, AL US","2018-02",,,"-2.8",",7,01,","27.2",",7,22,+",,,"13.6",",7","19.7",",,,7","7.5",",,,7"
"USC00012245","DEMOPOLIS LOCK AND DAM, AL US","2018-03",,,"-1.1",",7,16,","28.3",",7,18,",,,"13.4",",7","20.3",",,,7","6.4",",,,7"
"USC00012245","DEMOPOLIS LOCK AND DAM, AL US","2018-04",,,"2.2","1,7,17,+","30.0","1,7,04,",,,"15.3","1,7","22.6","1,,,7","7.9","1,,,7"
"USC00012245","DEMOPOLIS LOCK AND DAM, AL US","2018-05",,,"7.8",",7,01,","34.4",",7,14,",,,"24.1",",7","31.0",",,,7","17.3",",,,7"
"USC00012245","DEMOPOLIS LOCK AND DAM, AL US","2018-06",,,"17.8",",7,08,+","35.6",",7,29,+",,,"26.8",",7","33.1",",,,7","20.4",",,,7"
"USC00013575","GUNTERSVILLE NUMBER 2, AL US","2017-12","1006.0","7","-3.9","1,7,16,","21.1","1,7,23,","581.8","7","7.6","1,7","12.6","1,,,7","2.6","1,,,7"
"USC00013575","GUNTERSVILLE NUMBER 2, AL US","2018-01","0.0",,"-13.3","2,7,17,","20.0","2,7,23,+","1040.9",,"2.5","2,7","7.8","2,,,7","-2.8","2,,,7"
"USC00013575","GUNTERSVILLE NUMBER 2, AL US","2018-02","10.8",,"-3.3","2,7,02,","27.2","2,7,22,","1232.7",,"11.4","2,7","17.2","2,,,7","5.6","2,,,7"
"USC00013575","GUNTERSVILLE NUMBER 2, AL US","2018-03","10.8",,"-1.1","1,7,10,+","23.9","1,7,29,","1456.6",,"10.9","1,7","15.9","1,,,7","5.8","1,,,7"
"USC00013575","GUNTERSVILLE NUMBER 2, AL US","2018-04","14.2",,"1.1","1,7,08,","27.2","1,7,04,","1595.3",,"13.7","1,7","19.4","1,,,7","8.0","1,,,7"
"USC00013575","GUNTERSVILLE NUMBER 2, AL US","2018-05","173.4",,"8.3",",7,01,","31.7",",7,25,","1597.5",,"23.4",",7","28.6",",,,7","18.2",",,,7"
"USC00013575","GUNTERSVILLE NUMBER 2, AL US","2018-06","393.6",,"16.7",",7,06,","33.3",",7,27,","1597.5",,"25.7",",7","30.6",",,,7","20.8",",,,7"
"USC00010063","ADDISON, AL US","2017-12",,,"-10.6","2,7,29,","20.0","2,7,23,",,,"5.6","2,7","11.9","2,,,7","-0.8","2,,,7"
"USC00010063","ADDISON, AL US","2018-01","0.0",,"-17.8","2,7,18,+","20.0","2,7,22,+",,,"0.8","2,7","7.5","2,,,7","-5.9","2,,,7"
"USC00010063","ADDISON, AL US","2018-02","12.6",,"-6.7","2,7,03,+","26.1","2,7,22,",,,"10.7","2,7","16.5","2,,,7","4.9","2,,,7"
"USC00010063","ADDISON, AL US","2018-03","13.2",,"-5.6","4,7,15,","24.4","4,7,18,",,,"10.5","4,7","17.1","4,,,7","3.8","4,,,7"
"USC00010063","ADDISON, AL US","2018-04","13.8",,"-2.2",",7,08,","26.7",",7,04,",,,"12.4",",7","19.6",",,,7","5.3",",,,7"
"USC00010063","ADDISON, AL US","2018-05","137.1",,"2.8",",7,01,","32.2",",7,16,",,,"22.1",",7","28.5",",,,7","15.8",",,,7"
"USC00010063","ADDISON, AL US","2018-06","313.0",,"13.3","1,7,07,+","33.3","1,7,17,",,,"24.4","1,7","30.3","1,,,7","18.5","1,,,7"
"USC00013573","GUNTERSVILLE, AL US","2017-12","1061.2","7","-4.4","1,7,16,","20.6",",7,24,+","607.3","7","7.1","1,7","11.8",",,,7","2.5","1,,,7"
"USC00013573","GUNTERSVILLE, AL US","2018-01","0.0",,"-14.4",",7,18,+","19.4",",7,22,","1100.4",,"2.4",",7","7.8",",,,7","-2.9",",,,7"
"USC00013573","GUNTERSVILLE, AL US","2018-02","14.7",,"-4.4",",7,03,","26.7","1,7,22,","1298.8",,"11.6","1,7","16.9","1,,,7","6.4",",,,7"
"USC00013573","GUNTERSVILLE, AL US","2018-03","14.7",,"-2.8",",7,10,","24.4",",7,18,","1528.6",,"10.9",",7","16.3",",,,7","5.6",",,,7"
"USC00013573","GUNTERSVILLE, AL US","2018-04","18.1",,"1.1",",7,08,","27.2",",7,04,","1662.7",,"14.0",",7","19.8",",,,7","8.2",",,,7"
"USC00013573","GUNTERSVILLE, AL US","2018-05","182.3",,"6.7",",7,01,","32.2",",7,22,+","1665.5",,"23.5",",7","29.0",",,,7","18.1",",,,7"
"USC00013573","GUNTERSVILLE, AL US","2018-06","406.2",,"16.7",",7,07,+","33.3",",7,27,+","1665.5",,"25.8",",7","31.1",",,,7","20.5",",,,7"
"USC00015751","MUSCLE SHOALS WATER PLANT, AL US","2017-12","957.0","7","-7.8",",7,29,+","21.1",",7,23,","710.9","7","5.9",",7","11.7",",,,7","0.1",",,,7"
"USC00015751","MUSCLE SHOALS WATER PLANT, AL US","2018-01","0.0",,"-15.6",",7,17,","20.6",",7,22,","1232.2",,"1.5",",7","7.6",",,,7","-4.6",",,,7"
"USC00015751","MUSCLE SHOALS WATER PLANT, AL US","2018-02","10.0",,"-5.6",",7,03,+","26.1",",7,22,","1455.9",,"10.7",",7","16.4",",,,7","4.9",",,,7"
"USC00015751","MUSCLE SHOALS WATER PLANT, AL US","2018-03","10.8",,"-2.8","2,7,09,","26.1","1,7,18,","1687.1",,"10.4","2,7","16.6","1,,,7","4.1","2,,,7"
"USC00015751","MUSCLE SHOALS WATER PLANT, AL US","2018-04","13.3",,"-1.7","1,7,08,","28.3","1,7,04,","1852.2",,"12.7","1,7","19.4","1,,,7","6.1","1,,,7"
"USC00015751","MUSCLE SHOALS WATER PLANT, AL US","2018-05","161.0",,"4.4","1,7,01,","33.9","1,7,16,","1856.7",,"23.1","1,7","29.4","1,,,7","16.8","1,,,7"
"USC00015751","MUSCLE SHOALS WATER PLANT, AL US","2018-06","376.1",,"14.4","1,7,06,+","33.9","1,7,27,+","1856.7",,"25.8","1,7","31.6","1,,,7","19.9","1,,,7"
"USC00018469","VALLEY HEAD, AL US","2017-12",,,"-7.2",",7,16,+","19.4",",7,23,","767.5","7","5.2",",7","10.4",",,,7","-0.1",",,,7"
"USC00018469","VALLEY HEAD, AL US","2018-01","0.0",,"-16.1",",7,17,","19.4",",7,21,","1269.0",,"2.2",",7","8.1",",,,7","-3.8",",,,7"
"USC00018469","VALLEY HEAD, AL US","2018-02","9.3",,"-6.7",",7,02,","25.6",",7,23,+","1468.4",,"11.5",",7","16.6",",,,7","6.5",",,,7"
"USC00018469","VALLEY HEAD, AL US","2018-03","9.3",,"-6.1",",7,09,","23.9",",7,28,","1752.9",,"9.2",",7","15.4",",,,7","2.9",",,,7"
"USC00018469","VALLEY HEAD, AL US","2018-04","11.3",,"-2.2",",7,08,","26.1",",7,13,","1932.1",,"12.4",",7","19.5",",,,7","5.3",",,,7"
"USC00018469","VALLEY HEAD, AL US","2018-05","109.5",,"6.1",",7,01,","31.1",",7,14,","1934.0",,"21.4",",7","27.6",",,,7","15.3",",,,7"
"USC00018469","VALLEY HEAD, AL US","2018-06","275.5",,"12.2",",7,06,","31.7",",7,18,+","1934.0",,"23.9",",7","29.8",",,,7","18.0",",,,7"
"USC00015635","MOULTON 2, AL US","2017-12","857.0","7","-7.8",",7,28,","20.6",",7,23,","734.7","7","5.8",",7","11.7",",,,7","-0.1",",,,7"
"USC00015635","MOULTON 2, AL US","2018-01","0.0",,"-14.4","1,7,17,","20.0",",7,22,+","1244.6",,"1.3","1,7","7.5",",,,7","-4.9","1,,,7"
"USC00015635","MOULTON 2, AL US","2018-02","12.3",,"-5.6",",7,02,","26.1",",7,22,","1470.0",,"10.7",",7","16.0",",,,7","5.4",",,,7"
"USC00015635","MOULTON 2, AL US","2018-03","12.6",,"-3.9",",7,09,","25.0",",7,18,","1723.4",,"10.2",",7","16.3",",,,7","4.1",",,,7"
"USC00015635","MOULTON 2, AL US","2018-04","16.8",,"-2.2",",7,08,","27.8",",7,04,","1905.4",,"12.4",",7","18.8",",,,7","6.0",",,,7"
"USC00015635","MOULTON 2, AL US","2018-05","153.3",,"7.2",",7,01,","32.8",",7,15,","1908.8",,"22.6",",7","28.4",",,,7","16.8",",,,7"
"USC00015635","MOULTON 2, AL US","2018-06","354.3",,"13.9",",7,06,","33.3",",7,17,","1908.8",,"25.0",",7","30.5",",,,7","19.5",",,,7"
"USC00010178","ALICEVILLE, AL US","2017-12",,,"-6.1",",7,28,+","22.8",",7,21,",,,"7.0",",7","12.6",",,,7","1.4",",,,7"
"USC00010178","ALICEVILLE, AL US","2018-01","0.0",,"-13.9",",7,17,","22.2",",7,22,",,,"3.6",",7","9.7",",,,7","-2.5",",,,7"
"USC00010178","ALICEVILLE, AL US","2018-02","21.2",,"-2.8",",7,03,","27.8",",7,23,+",,,"14.1",",7","20.0",",,,7","8.2",",,,7"
"USC00010178","ALICEVILLE, AL US","2018-03","28.7",,"-1.7","1,7,10,+","27.8",",7,18,",,,"12.9","1,7","19.2",",,,7","6.7","1,,,7"
"USC00010178","ALICEVILLE, AL US","2018-04","32.9",,"0.6",",7,08,","26.7",",7,04,",,,"13.9",",7","19.8",",,,7","8.0",",,,7"
"USC00010178","ALICEVILLE, AL US","2018-05","199.0",,"5.6",",7,01,","35.0",",7,14,",,,"23.6",",7","31.1",",,,7","16.0",",,,7"
"USC00010178","ALICEVILLE, AL US","2018-06",,,,,"34.4","3,7,29,+",,,,,"32.8","3,,,7",,
"USC00017131","RUSSELLVILLE NUMBER 2, AL US","2017-12","872.6","7","-11.1","5,7,09,","21.1","5,7,23,","574.2","7","6.1","5,7","11.7","5,,,7","0.5","5,,,7"
"USC00017131","RUSSELLVILLE NUMBER 2, AL US","2018-01","0.0",,"-15.6","5,7,17,","20.6","5,7,23,","979.3",,"2.8","5,7","8.0","5,,,7","-2.5","5,,,7"
"USC00017131","RUSSELLVILLE NUMBER 2, AL US","2018-05",,,"8.3","3,7,01,","33.3","3,7,16,+",,,"23.9","3,7","30.3","3,,,7","17.5","3,,,7"
"USC00017366","SELMA, AL US","2017-12",,,"-3.9",",7,17,+","25.0",",7,21,+",,,"9.1",",7","14.4",",,,7","3.8",",,,7"
"USC00017366","SELMA, AL US","2018-02",,,"-1.7",",7,01,","27.8",",7,22,+",,,"14.5",",7","20.3",",,,7","8.8",",,,7"
"USC00017366","SELMA, AL US","2018-03",,,"-0.6",",7,16,+","28.3",",7,26,",,,"14.0",",7","20.8",",,,7","7.2",",,,7"
"USC00017366","SELMA, AL US","2018-04",,,"3.9",",7,17,+","29.4",",7,04,",,,"16.1",",7","23.3",",,,7","9.0",",,,7"
"USC00017366","SELMA, AL US","2018-05",,,"6.7",",7,01,","35.0",",7,15,",,,"24.2",",7","30.9",",,,7","17.6",",,,7"
"USC00017366","SELMA, AL US","2018-06",,,"17.8",",7,07,","37.2","1,7,29,",,,"27.5","1,7","33.4","1,,,7","21.6",",,,7"
"USW00013896","MUSCLE SHOALS REGIONAL AIRPORT, AL US","2017-12","1070.0","W","-8.8",",W,31,","21.7",",W,23,","666.1","W","6.1",",W","11.6",",,,W","0.5",",,,W"
"USW00013896","MUSCLE SHOALS REGIONAL AIRPORT, AL US","2018-01","0.0",,"-13.8",",W,17,","21.1",",W,21,","1133.0",,"3.3",",W","9.3",",,,W","-2.7",",,,W"
"USW00013896","MUSCLE SHOALS REGIONAL AIRPORT, AL US","2018-02","14.7",,"-4.9",",W,02,","26.7",",W,21,+","1320.6",,"12.2",",W","17.4",",,,W","6.9",",,,W"
"USW00013896","MUSCLE SHOALS REGIONAL AIRPORT, AL US","2018-03","19.1",,"-2.7",",W,09,","27.2",",W,17,","1538.9",,"11.4",",W","17.1",",,,W","5.8",",,,W"
"USW00013896","MUSCLE SHOALS REGIONAL AIRPORT, AL US","2018-04","26.4",,"0.6",",W,08,+","28.9",",W,03,","1665.5",,"14.4",",W","20.6",",,,W","8.1",",,,W"
"USW00013896","MUSCLE SHOALS REGIONAL AIRPORT, AL US","2018-05","215.9",,"10.0",",D,01,","35.0",",D,15,","1665.5",,"24.4",",D","30.6",",,,D","18.3",",,,D"
"USW00013896","MUSCLE SHOALS REGIONAL AIRPORT, AL US","2018-06","459.0",,"15.6",",W,06,+","35.0",",W,30,+","1665.5",,"26.4",",W","32.2",",,,W","20.6",",,,W"
"USW00013895","MONTGOMERY AIRPORT, AL US","2017-12","1530.9","W","-4.3",",W,16,","25.0",",W,05,","481.0","W","9.1",",W","14.3",",,,W","3.8",",,,W"
"USW00013895","MONTGOMERY AIRPORT, AL US","2018-01","1.9",,"-12.1",",W,18,","24.4",",W,11,","864.0",,"6.0",",W","12.4",",,,W","-0.3",",,,W"
"USW00013895","MONTGOMERY AIRPORT, AL US","2018-02","34.4",,"-1.0",",W,03,","29.4",",W,21,","947.6",,"16.5",",W","22.1",",,,W","10.9",",,,W"
"USW00013895","MONTGOMERY AIRPORT, AL US","2018-03","54.1",,"-1.0",",W,15,+","28.9",",W,01,","1089.5",,"14.4",",W","21.3",",,,W","7.5",",,,W"
"USW00013895","MONTGOMERY AIRPORT, AL US","2018-04","67.9",,"2.8",",W,16,+","29.4",",W,18,+","1153.4",,"16.7",",W","23.9",",,,W","9.4",",,,W"
"USW00013895","MONTGOMERY AIRPORT, AL US","2018-05","261.4",,"12.2",",D,01,","35.0",",D,14,","1153.4",,"24.6",",D","31.1",",,,D","18.1",",,,D"
"USW00013895","MONTGOMERY AIRPORT, AL US","2018-06","536.0",,"17.8",",W,06,+","36.7",",W,28,","1153.4",,"27.5",",W","33.5",",,,W","21.5",",,,W"
"USW00013894","MOBILE REGIONAL AIRPORT, AL US","2017-12","1518.8","W","-1.6","1,W,10,","26.7","1,W,22,","329.1","W","11.6","2,W","16.8","1,,,W","6.4","1,,,W"
"USW00013894","MOBILE REGIONAL AIRPORT, AL US","2018-01","1.1",,"-8.2",",W,18,+","22.2",",W,22,","646.4",,"8.1",",W","14.2",",,,W","2.0",",,,W"
"USW00013894","MOBILE REGIONAL AIRPORT, AL US","2018-02","56.7",,"1.1",",W,03,","27.8",",W,28,+","699.7",,"18.4",",W","23.1",",,,W","13.7",",,,W"
"USW00013894","MOBILE REGIONAL AIRPORT, AL US","2018-03","86.1",,"0.6",",W,15,+","27.8",",W,25,+","791.6",,"16.3",",W","22.5",",,,W","10.1",",,,W"
"USW00013894","MOBILE REGIONAL AIRPORT, AL US","2018-04","116.7",,"3.3",",W,16,","28.9",",W,29,","834.0",,"17.9",",W","24.8",",,,W","11.1",",,,W"
"USW00013894","MOBILE REGIONAL AIRPORT, AL US","2018-05","328.1",,"13.3",",D,07,","36.1",",D,14,","834.0",,"25.1",",D","31.6",",,,D","18.7",",,,D"
"USW00013894","MOBILE REGIONAL AIRPORT, AL US","2018-06","608.5",,"19.4",",W,07,+","35.0",",W,30,+","834.0",,"27.7",",W","32.7",",,,W","22.6",",,,W"
"USW00003856","HUNTSVILLE INTERNATIONAL AIRPORT JONES FIELD, AL US","2017-12","1146.2","W","-8.2",",W,31,","21.7",",W,23,","643.3","W","6.4",",W","11.9",",,,W","0.9",",,,W"
"USW00003856","HUNTSVILLE INTERNATIONAL AIRPORT JONES FIELD, AL US","2018-01","0.0",,"-13.8",",W,17,","21.1",",W,21,+","1105.7",,"3.4",",W","9.3",",,,W","-2.5",",,,W"
"USW00003856","HUNTSVILLE INTERNATIONAL AIRPORT JONES FIELD, AL US","2018-02","18.3",,"-4.3",",W,02,","27.2",",W,21,","1286.3",,"12.5",",W","17.7",",,,W","7.4",",,,W"
"USW00003856","HUNTSVILLE INTERNATIONAL AIRPORT JONES FIELD, AL US","2018-03","20.2",,"-3.2",",W,09,","26.1",",W,17,","1508.9",,"11.2",",W","17.0",",,,W","5.4",",,,W"
"USW00003856","HUNTSVILLE INTERNATIONAL AIRPORT JONES FIELD, AL US","2018-04","26.6",,"-1.0",",W,08,","28.3",",W,03,","1633.8",,"14.4",",W","21.0",",,,W","7.8",",,,W"
"USW00003856","HUNTSVILLE INTERNATIONAL AIRPORT JONES FIELD, AL US","2018-05","217.0",,"10.0",",D,01,","35.0",",D,14,","1633.8",,"24.5",",D","30.5",",,,D","18.4",",,,D"
"USW00003856","HUNTSVILLE INTERNATIONAL AIRPORT JONES FIELD, AL US","2018-06","471.2",,"15.6",",W,04,","35.6",",W,15,","1633.8",,"26.8",",W","32.6",",,,W","21.0",",,,W"
"USC00018323","TROY, AL US","2017-12","1201.3","7","-2.2",",7,10,","24.4",",7,06,","428.7","7","9.8",",7","14.9",",,,7","4.7",",,,7"
"USC00018323","TROY, AL US","2018-01","0.0",,"-9.4","1,7,18,","22.8","1,7,13,","829.0",,"5.0","1,7","11.4","1,,,7","-1.5","1,,,7"
"USC00018323","TROY, AL US","2018-02","31.0",,"-0.6",",7,04,+","28.9",",7,23,","930.5",,"15.8",",7","21.1",",,,7","10.6",",,,7"
"USC00018323","TROY, AL US","2018-03","41.9",,"0.6","1,7,14,+","26.7",",7,26,+","1082.3",,"13.6","1,7","20.1",",,,7","7.1","1,,,7"
"USC00018323","TROY, AL US","2018-04","50.3",,"2.8",",7,16,","28.3",",7,19,+","1161.1",,"16.0",",7","22.9",",,,7","9.0",",,,7"
"USC00018323","TROY, AL US","2018-05","225.1",,"11.7",",7,02,+","33.9",",7,14,","1161.1",,"24.0",",7","29.9",",,,7","18.1",",,,7"
"USC00018323","TROY, AL US","2018-06","465.1",,"18.3",",7,07,+","34.4",",7,27,","1161.1",,"26.3",",7","31.6",",,,7","21.0",",,,7"
"USC00018209","THORSBY EXPERIMENTAL STATION, AL US","2017-12",,,"-5.0","1,7,10,","22.8","1,7,07,",,,"8.1","1,7","13.0","1,,,7","3.2","1,,,7"
"USC00018209","THORSBY EXPERIMENTAL STATION, AL US","2018-01","0.0",,"-11.7",",7,17,+","22.8",",7,22,+",,,"4.1",",7","10.3",",,,7","-2.0",",,,7"
"USC00018209","THORSBY EXPERIMENTAL STATION, AL US","2018-02","10.9",,"-2.2",",7,01,","27.2",",7,22,",,,"13.4",",7","19.3",",,,7","7.4",",,,7"
"USC00018209","THORSBY EXPERIMENTAL STATION, AL US","2018-03","15.4",,"-1.1",",7,14,+","26.1",",7,25,",,,"12.7",",7","19.3",",,,7","6.1",",,,7"
"USC00018209","THORSBY EXPERIMENTAL STATION, AL US","2018-04","16.8",,"1.1",",7,16,","27.8",",7,04,",,,"14.9",",7","22.1",",,,7","7.6",",,,7"
"USC00018209","THORSBY EXPERIMENTAL STATION, AL US","2018-05","162.4",,"11.1",",7,01,","33.3",",7,15,",,,"23.0",",7","29.1",",,,7","16.9",",,,7"
"USC00018209","THORSBY EXPERIMENTAL STATION, AL US","2018-06","387.1",,"16.7",",7,09,+","33.9",",7,29,+",,,"25.8",",7","31.6",",,,7","20.1",",,,7"
"USC00013781","HELENA, AL US","2017-12","1214.5","7","-6.1",",7,31,","23.9",",7,20,","593.5","7","7.4",",7","12.4",",,,7","2.4",",,,7"
"USC00013781","HELENA, AL US","2018-01","0.8",,"-12.8",",7,17,","22.2",",7,11,","1021.3",,"4.6",",7","10.4",",,,7","-1.3",",,,7"
"USC00013781","HELENA, AL US","2018-02","24.4",,"-0.6",",7,02,","27.8",",7,21,","1152.2",,"14.5",",7","19.9",",,,7","9.1",",,,7"
"USC00013781","HELENA, AL US","2018-03","31.1",,"-2.2",",7,15,+","26.7",",7,28,","1331.8",,"12.8",",7","19.3",",,,7","6.2",",,,7"
"USC00013781","HELENA, AL US","2018-04","41.2",,"1.1",",7,16,","28.9",",7,03,","1420.2",,"15.7",",7","23.1",",,,7","8.4",",,,7"
"USC00013781","HELENA, AL US","2018-05","219.0",,"10.6",",7,01,","34.4",",7,14,+","1420.2",,"24.1",",7","30.5",",,,7","17.6",",,,7"
"USC00013781","HELENA, AL US","2018-06","477.4",,"15.6",",7,06,","36.1",",7,08,","1420.2",,"26.9",",7","33.1",",,,7","20.7",",,,7"
"USC00011490","CENTRE, AL US","2018-01","0.0",,"-12.8",",7,18,+","20.6",",7,22,",,,"2.2",",7","8.7",",,,7","-4.4",",,,7"
"USC00011490","CENTRE, AL US","2018-02","9.7",,"-4.4","1,7,03,","28.3",",7,23,",,,"11.9","1,7","18.0",",,,7","5.8","1,,,7"
"USC00011490","CENTRE, AL US","2018-06",,,"13.3",",7,07,+","34.4",",7,17,",,,"25.0",",7","31.9",",,,7","18.2",",,,7"
"USW00013871","ANNISTON METROPOLITAN AIRPORT, AL US","2017-12","1064.6","W","-6.6",",W,10,","21.7",",W,23,","603.6","W","7.2",",W","12.5",",,,W","1.9",",,,W"
"USW00013871","ANNISTON METROPOLITAN AIRPORT, AL US","2018-01","0.0",,"-12.7",",W,17,","21.7",",W,21,+","1033.8",,"4.4",",W","10.8",",,,W","-1.8",",,,W"
"USW00013871","ANNISTON METROPOLITAN AIRPORT, AL US","2018-02","17.0",,"-1.0",",W,02,","27.8",",W,22,","1165.2",,"14.2",",W","19.6",",,,W","8.9",",,,W"
"USW00013871","ANNISTON METROPOLITAN AIRPORT, AL US","2018-03","19.5",,"-2.7",",W,15,+","26.7",",W,28,","1374.9",,"11.6",",W","18.2",",,,W","5.1",",,,W"
"USW00013871","ANNISTON METROPOLITAN AIRPORT, AL US","2018-04","25.9",,"1.1",",W,17,+","27.8",",W,13,+","1486.8",,"14.8",",W","22.1",",,,W","7.5",",,,W"
"USW00013871","ANNISTON METROPOLITAN AIRPORT, AL US","2018-05","184.6",,"9.4",",D,01,","33.3",",D,14,","1486.8",,"23.4",",D","29.6",",,,D","17.3",",,,D"
"USW00013871","ANNISTON METROPOLITAN AIRPORT, AL US","2018-06","412.7",,"14.4",",W,05,","33.9",",W,20,+","1486.8",,"25.9",",W","32.1",",,,W","19.8",",,,W"
"USC00010160","ALEXANDER CITY, AL US","2017-12","1047.3","7","-5.6",",7,18,+","22.2",",7,21,","592.0","7","7.5",",7","13.1",",,,7","1.9",",,,7"
"USC00010160","ALEXANDER CITY, AL US","2018-01","0.0",,"-12.2",",7,18,+","21.1",",7,12,","1037.6",,"4.0",",7","10.6",",,,7","-2.6",",,,7"
"USC00010160","ALEXANDER CITY, AL US","2018-02","11.1",,"-3.3",",7,01,","27.2",",7,24,","1187.6",,"13.4",",7","18.8",",,,7","7.9",",,,7"
"USC00010160","ALEXANDER CITY, AL US","2018-03","13.3",,"-2.8",",7,09,","26.1",",7,26,","1393.8",,"11.8",",7","18.9",",,,7","4.6",",,,7"
"USC00010160","ALEXANDER CITY, AL US","2018-04","16.9",,"1.1",",7,16,+","27.2",",7,19,+","1519.6",,"14.3",",7","22.5",",,,7","6.0",",,,7"
"USC00010160","ALEXANDER CITY, AL US","2018-05","159.7",,"5.0",",7,02,+","33.9",",7,15,+","1523.8",,"22.8",",7","29.3",",,,7","16.3",",,,7"
"USC00010160","ALEXANDER CITY, AL US","2018-06","392.5",,"15.6",",7,07,+","35.6",",7,21,","1523.8",,"26.1",",7","32.3",",,,7","19.9",",,,7"
"USW00013876","BIRMINGHAM AIRPORT, AL US","2017-12","1238.0","W","-6.6",",W,31,","21.7",",W,20,","564.8","W","7.5",",W","12.5",",,,W","2.6",",,,W"
"USW00013876","BIRMINGHAM AIRPORT, AL US","2018-01","0.6",,"-12.7",",W,17,","22.2",",W,11,","991.6",,"4.6",",W","10.3",",,,W","-1.2",",,,W"
"USW00013876","BIRMINGHAM AIRPORT, AL US","2018-02","24.7",,"-2.1",",W,02,","28.3",",W,21,","1127.4",,"14.3",",W","19.6",",,,W","9.0",",,,W"
"USW00013876","BIRMINGHAM AIRPORT, AL US","2018-03","35.3",,"-1.0",",W,15,+","27.2",",W,28,","1304.7",,"12.9",",W","19.4",",,,W","6.6",",,,W"
"USW00013876","BIRMINGHAM AIRPORT, AL US","2018-04","47.8",,"0.0",",W,08,","29.4",",W,03,","1398.1",,"15.6",",W","22.6",",,,W","8.7",",,,W"
"USW00013876","BIRMINGHAM AIRPORT, AL US","2018-05","227.8",,"12.8",",D,07,+","33.9",",D,14,","1398.1",,"24.1",",D","29.9",",,,D","18.4",",,,D"
"USW00013876","BIRMINGHAM AIRPORT, AL US","2018-06","473.1",,"16.1",",W,06,+","34.4",",W,30,+","1398.1",,"26.5",",W","32.1",",,,W","20.9",",,,W"
"USC00012209","DECATUR 4 SE, AL US","2017-12",,,"-7.2",",7,30,+","20.6","2,7,23,","582.2","7","6.8","2,7","14.4","2,,,7","-0.7",",,,7"
"USC00012209","DECATUR 4 SE, AL US","2018-01","0.0",,"-14.4","4,7,17,","20.6","2,7,22,","997.0",,"2.3","5,7","9.5","2,,,7","-4.8","4,,,7"
"USC00012209","DECATUR 4 SE, AL US","2018-02","12.5",,"-5.0",",7,05,+","26.7",",7,24,+","1190.6",,"11.9",",7","18.6",",,,7","5.1",",,,7"
"USC00012209","DECATUR 4 SE, AL US","2018-03","12.5",,"-1.1",",7,09,","26.1",",7,19,+","1388.9",,"11.9",",7","18.9",",,,7","5.0",",,,7"
"USC00012209","DECATUR 4 SE, AL US","2018-04","12.5",,"0.0",",7,10,+","27.8",",7,04,","1539.1",,"13.3",",7","20.0",",,,7","6.6",",,,7"
"USC00012209","DECATUR 4 SE, AL US","2018-05","163.5",,"6.7","2,7,03,+","32.8","1,7,21,","1542.6",,"23.4","2,7","30.1","1,,,7","16.7","2,,,7"
"USC00012209","DECATUR 4 SE, AL US","2018-06","407.2",,"16.7",",7,07,+","33.9",",7,20,+","1542.6",,"26.5",",7","32.4",",,,7","20.6",",,,7"
"USW00003878","TROY MUNICIPAL AIRPORT, AL US","2017-12","1174.0","W","-3.8",",W,10,","25.6",",W,05,","465.1","W","9.8",",W","15.4",",,,W","4.2",",,,W"
"USW00003878","TROY MUNICIPAL AIRPORT, AL US","2018-01","0.8",,"-9.9",",W,18,","24.4",",W,11,","842.5",,"6.2",",W","13.0",",,,W","-0.6",",,,W"
"USW00003878","TROY MUNICIPAL AIRPORT, AL US","2018-02","29.7",,"-2.7",",W,03,","29.4",",W,22,","929.8",,"16.3",",W","22.3",",,,W","10.2",",,,W"
"USW00003878","TROY MUNICIPAL AIRPORT, AL US","2018-03","43.9",,"-2.1",",W,15,+","27.8",",W,25,","1094.9",,"13.5",",W","20.7",",,,W","6.2",",,,W"
"USW00003878","TROY MUNICIPAL AIRPORT, AL US","2018-04","57.0",,"2.2",",W,17,","28.9",",W,18,+","1178.1",,"16.0",",W","23.8",",,,W","8.2",",,,W"
"USW00003878","TROY MUNICIPAL AIRPORT, AL US","2018-05","218.6",,"10.0",",D,01,","35.0",",D,13,","1178.1",,"23.6",",D","30.5",",,,D","16.6",",,,D"
"USW00003878","TROY MUNICIPAL AIRPORT, AL US","2018-06","457.8",,"15.6",",W,05,","35.0",",W,20,","1178.1",,"26.3",",W","32.1",",,,W","20.5",",,,W"
"USC00013655","HANCEVILLE, AL US","2017-12","763.9","7","-7.8",",7,16,","20.0",",7,21,","731.8","7","5.7",",7","11.6",",,,7","-0.2",",,,7"
"USC00013655","HANCEVILLE, AL US","2018-01","0.0",,"-14.4",",7,17,","20.6",",7,12,","1238.9",,"2.0",",7","8.0",",,,7","-4.1",",,,7"
"USC00013655","HANCEVILLE, AL US","2018-02","8.6",,"-5.6",",7,01,","26.1",",7,23,+","1450.9",,"11.1",",7","17.5",",,,7","4.7",",,,7"
"USC00013655","HANCEVILLE, AL US","2018-03","8.6",,"-5.0",",7,09,","24.4",",7,20,+","1702.6",,"10.2",",7","17.3",",,,7","3.1",",,,7"
"USC00013655","HANCEVILLE, AL US","2018-04","8.9",,"-1.7","1,7,10,+","27.2","1,7,04,","1869.8",,"12.6","1,7","20.0","1,,,7","5.1","1,,,7"
"USC00013655","HANCEVILLE, AL US","2018-05","127.1",,"7.2",",7,01,","32.2",",7,25,","1872.9",,"22.1",",7","28.5",",,,7","15.6",",,,7"
"USC00013655","HANCEVILLE, AL US","2018-06","314.6",,"13.3",",7,06,+","33.9",",7,17,","1872.9",,"24.6",",7","30.8",",,,7","18.4",",,,7"
"USC00014502","LAFAYETTE 2 W, AL US","2017-12","949.4","7","-6.7",",7,16,","23.3",",7,06,","648.8","7","7.5",",7","13.5",",,,7","1.4",",,,7"
"USC00014502","LAFAYETTE 2 W, AL US","2018-01","0.0",,"-13.3",",7,20,+","21.1",",7,22,+","1120.1",,"3.1",",7","10.4",",,,7","-4.2",",,,7"
"USC00014502","LAFAYETTE 2 W, AL US","2018-02","10.0",,"-4.4",",7,02,+","28.3",",7,24,+","1268.2",,"13.4",",7","19.9",",,,7","6.9",",,,7"
"USC00014502","LAFAYETTE 2 W, AL US","2018-03","10.6",,"-5.0",",7,15,+","27.2",",7,29,","1517.4",,"10.3",",7","19.0",",,,7","1.6",",,,7"
"USC00014502","LAFAYETTE 2 W, AL US","2018-04","17.3",,"-1.1",",7,22,+","27.8",",7,14,+","1667.4",,"13.6",",7","22.4",",,,7","4.7",",,,7"
"USC00014502","LAFAYETTE 2 W, AL US","2018-05","147.6",,"2.2",",7,01,","33.9",",7,15,+","1674.0",,"22.3",",7","29.5",",,,7","15.1",",,,7"
"USC00014502","LAFAYETTE 2 W, AL US","2018-06","360.2",,"13.9",",7,06,+","34.4",",7,30,+","1674.0",,"25.4",",7","31.6",",,,7","19.3",",,,7"
"USC00013775","HEFLIN, AL US","2017-12",,,"-6.1","3,7,17,+","20.6","3,7,24,+",,,"7.4","3,7","14.0","3,,,7","0.8","3,,,7"
"USC00013775","HEFLIN, AL US","2018-01","0.0",,"-12.8",",7,17,+","21.1",",7,23,+",,,"2.9",",7","10.0",",,,7","-4.2",",,,7"
"USC00013775","HEFLIN, AL US","2018-02","7.1",,"-5.0",",7,01,","28.3",",7,23,",,,"12.4",",7","18.8",",,,7","6.0",",,,7"
"USC00013775","HEFLIN, AL US","2018-03","7.1",,"-3.9",",7,15,+","26.7","1,7,30,",,,"10.9","1,7","19.4","1,,,7","2.4",",,,7"
"USC00013775","HEFLIN, AL US","2018-04","8.9",,"-1.1",",7,07,","28.9",",7,20,",,,"13.4",",7","22.1",",,,7","4.7",",,,7"
"USC00013775","HEFLIN, AL US","2018-05","129.3",,"2.2",",7,01,","32.2",",7,15,",,,"22.0",",7","28.9",",,,7","15.1",",,,7"
"USC00013775","HEFLIN, AL US","2018-06","327.6",,"13.3",",7,08,+","32.8",",7,27,+",,,"24.9",",7","31.4",",,,7","18.5",",,,7"
"USW00023801","TROY 2 W, AL US","2017-12","1109.4","R","-3.8",",R,10,","24.8",",R,05,","466.5","R","9.8",",R","15.0",",,,R","4.7",",,,R"
"USW00023801","TROY 2 W, AL US","2018-01","1.4",,"-9.6",",R,18,","22.9",",R,11,","845.2",,"6.2",",R","12.4",",,,R","0.0",",,,R"
"USW00023801","TROY 2 W, AL US","2018-02","28.7",,"-0.9",",R,03,","27.9",",R,22,","931.5",,"16.2",",R","21.5",",,,R","11.0",",,,R"
"USW00023801","TROY 2 W, AL US","2018-03","40.8",,"-2.4",",R,15,","26.8",",R,25,","1098.5",,"13.3",",R","19.9",",,,R","6.8",",,,R"
"USW00023801","TROY 2 W, AL US","2018-04","52.7",,"2.4",",R,05,","28.2",",R,14,","1183.1",,"15.9",",R","23.0",",,,R","8.8",",,,R"
"USW00023801","TROY 2 W, AL US","2018-05","201.8",,"11.7",",R,07,","32.9",",R,13,","1183.1",,"23.1",",R","29.3",",,,R","17.0",",,,R"
"USW00023801","TROY 2 W, AL US","2018-06","423.4",,"15.8",",R,05,","33.6",",R,28,+","1183.1",,"25.7",",R","31.0",",,,R","20.4",",,,R"
"USW00063899","BREWTON 3 NNE, AL US","2017-12",,,"-3.6","3,R,10,","25.5","3,R,05,",,,"9.8","3,R","15.1","3,,,R","4.3","3,,,R"
"USW00063899","BREWTON 3 NNE, AL US","2018-01","1.2",,"-8.8",",R,18,","22.3",",R,21,",,,"6.7",",R","13.2",",,,R","0.1",",,,R"
"USW00063899","BREWTON 3 NNE, AL US","2018-02","34.8",,"-1.5","2,R,03,","27.8","2,R,21,",,,"17.2","2,R","22.9","2,,,R","11.5","2,,,R"
"USW00063899","BREWTON 3 NNE, AL US","2018-03","53.3",,"-2.0",",R,15,","27.4",",R,01,",,,"14.3",",R","21.2",",,,R","7.4",",,,R"
"USW00063899","BREWTON 3 NNE, AL US","2018-04","64.4",,"2.8",",R,16,","28.0",",R,18,",,,"16.6",",R","23.9",",,,R","9.3",",,,R"
"USW00063899","BREWTON 3 NNE, AL US","2018-05","233.7",,"11.7",",R,07,","33.9",",R,14,",,,"23.8",",R","30.5",",,,R","17.1",",,,R"
"USW00063899","BREWTON 3 NNE, AL US","2018-06","469.1",,"17.0",",R,05,","33.8",",R,25,",,,"26.2",",R","31.4",",,,R","20.9",",,,R"
"USC00010260","ANDERSON, AL US","2017-12",,,"-8.9",",7,28,","19.4",",7,23,+","698.2","7","5.5",",7","10.6",",,,7","0.3",",,,7"
"USC00010260","ANDERSON, AL US","2018-01","0.0",,"-15.6",",7,17,","20.0",",7,21,+","1182.3",,"2.7",",7","8.6",",,,7","-3.1",",,,7"
"USC00010260","ANDERSON, AL US","2018-02","12.0",,"-6.7",",7,02,","27.8",",7,20,","1391.9",,"11.3",",7","16.6",",,,7","5.9",",,,7"
"USC00010260","ANDERSON, AL US","2018-03","13.4",,"-3.9",",7,09,","25.6",",7,17,","1619.2",,"11.1",",7","17.2",",,,7","4.9",",,,7"
"USC00010260","ANDERSON, AL US","2018-04","20.1",,"-2.2",",7,08,","28.9",",7,03,","1755.5",,"14.0",",7","21.1",",,,7","6.9",",,,7"
"USC00010260","ANDERSON, AL US","2018-05","173.2",,"8.3",",7,01,","32.8",",7,15,","1755.5",,"23.3",",7","29.8",",,,7","16.7",",,,7"
"USC00010260","ANDERSON, AL US","2018-06","385.7",,"13.3",",7,06,+","33.9",",7,30,+","1755.5",,"25.4",",7","31.4",",,,7","19.5",",,,7"
"USR0000ASHK","SHOAL CREEK ALABAMA, AL US","2017-12","870.9","U","-6.7","1,U,31,","20.0","1,U,23,+","636.7","U","6.8","2,U","11.6","1,,,U","2.0","1,,,U"
"USR0000ASHK","SHOAL CREEK ALABAMA, AL US","2018-01","0.0",,"-13.3",",U,17,","20.6",",U,21,","1100.5",,"3.4",",U","9.4",",,,U","-2.6",",,,U"
"USR0000ASHK","SHOAL CREEK ALABAMA, AL US","2018-02","10.9",,"-2.2",",U,03,+","26.7",",U,23,","1258.6",,"13.1",",U","18.2",",,,U","7.9",",,,U"
"USR0000ASHK","SHOAL CREEK ALABAMA, AL US","2018-03","11.2",,"-3.3",",U,09,","25.0",",U,28,","1494.1",,"10.8",",U","16.8",",,,U","4.7",",,,U"
"USR0000ASHK","SHOAL CREEK ALABAMA, AL US","2018-04","17.0",,"0.6",",U,17,","27.8",",U,18,","1625.1",,"14.2",",U","21.1",",,,U","7.2",",,,U"
"USR0000ASHK","SHOAL CREEK ALABAMA, AL US","2018-05","147.6",,"6.1",",U,01,","32.8",",U,14,","1626.8",,"22.5",",U","28.6",",,,U","16.4",",,,U"
"USR0000ASHK","SHOAL CREEK ALABAMA, AL US","2018-06","344.7",,"14.4",",U,06,+","32.8",",U,16,+","1626.8",,"24.9",",U","30.7",",,,U","19.1",",,,U"
"USW00063897","SELMA 6 SSE, AL US","2017-12","1155.9","R","-5.0",",R,16,+","25.2",",R,05,","548.5","R","8.3",",R","13.6",",,,R","3.0",",,,R"
"USW00063897","SELMA 6 SSE, AL US","2018-01","1.8",,"-12.1",",R,18,","24.0",",R,11,","953.8",,"5.3",",R","11.8",",,,R","-1.2",",,,R"
"USW00063897","SELMA 6 SSE, AL US","2018-02","24.4",,"-2.3",",R,03,","28.2",",R,21,","1060.9",,"15.3",",R","21.1",",,,R","9.5",",,,R"
"USW00063897","SELMA 6 SSE, AL US","2018-03","38.2",,"-2.8",",R,15,","27.2",",R,17,","1230.1",,"13.3",",R","20.4",",,,R","6.2",",,,R"
"USW00063897","SELMA 6 SSE, AL US","2018-04","47.7",,"1.6",",R,05,","28.9",",R,03,","1330.0",,"15.3",",R","23.0",",,,R","7.6",",,,R"
"USW00063897","SELMA 6 SSE, AL US","2018-05","212.5",,"9.7",",R,01,","35.5",",R,14,","1330.0",,"23.6",",R","30.7",",,,R","16.6",",,,R"
"USW00063897","SELMA 6 SSE, AL US","2018-06","468.7",,"16.5",",R,05,","35.6",",R,28,","1330.0",,"26.9",",R","32.7",",,,R","21.0",",,,R"
"USC00010390","ATHENS, AL US","2017-12","1224.1","7","-8.3",",7,31,","21.1",",7,23,","561.1","7","7.4",",7","12.5",",,,7","2.3",",,,7"
"USC00010390","ATHENS, AL US","2018-01","0.0",,"-12.2",",7,17,+","21.1",",7,22,+","1006.0",,"4.0",",7","10.1",",,,7","-2.2",",,,7"
"USC00010390","ATHENS, AL US","2018-02","13.8",,"-5.6",",7,12,","27.8",",7,21,","1197.8",,"12.0",",7","17.8",",,,7","6.2",",,,7"
"USC00010390","ATHENS, AL US","2018-03","16.0",,"-1.7",",7,09,","26.1",",7,17,","1405.0",,"11.7",",7","17.5",",,,7","6.0",",,,7"
"USC00010390","ATHENS, AL US","2018-04","23.5",,"0.0",",7,08,","28.3",",7,03,","1529.1",,"14.4",",7","20.8",",,,7","8.1",",,,7"
"USC00010390","ATHENS, AL US","2018-05","185.6",,"10.0",",7,01,","32.8",",7,15,+","1529.1",,"23.6",",7","29.4",",,,7","17.7",",,,7"
"USC00010390","ATHENS, AL US","2018-06","417.3",,"15.6",",7,06,+","33.9",",7,30,+","1529.1",,"26.1",",7","31.5",",,,7","20.6",",,,7"
"USC00014193","JACKSON, AL US","2017-12","1194.2","7","-3.3","2,7,11,+","26.1","2,7,23,+","455.2","7","9.9","2,7","15.7","2,,,7","4.1","2,,,7"
"USC00014193","JACKSON, AL US","2018-01","0.0",,"-11.1","1,7,19,+","23.3","1,7,22,","831.4",,"5.8","1,7","12.4","1,,,7","-0.8","1,,,7"
"USC00014193","JACKSON, AL US","2018-02","33.4",,"-2.2","1,7,01,","28.9","1,7,23,+","933.2",,"15.8","1,7","21.8","1,,,7","9.8","1,,,7"
"USC00014193","JACKSON, AL US","2018-03","55.9",,"-1.1","3,7,16,","28.3","3,7,26,+","1051.9",,"14.9","3,7","22.1","3,,,7","7.7","3,,,7"
"USC00014193","JACKSON, AL US","2018-04","70.0",,"2.2","2,7,17,+","28.9","2,7,19,","1132.1",,"16.0","2,7","23.4","2,,,7","8.6","2,,,7"
"USC00014193","JACKSON, AL US","2018-05","240.7",,"7.8",",7,01,","33.9",",7,15,","1132.6",,"23.8",",7","30.6",",,,7","17.0",",,,7"
"USC00014193","JACKSON, AL US","2018-06","467.1",,"16.7","2,7,08,+","34.4","2,7,26,","1132.6",,"26.4","2,7","32.0","2,,,7","20.8","2,,,7"
"USC00016129","OPELIKA, AL US","2017-12",,,"-5.6",",7,10,","22.8",",7,07,+","580.0","7","8.2",",7","13.9",",,,7","2.4",",,,7"
"USC00016129","OPELIKA, AL US","2018-01","0.0",,"-11.1",",7,18,","21.1",",7,12,","1015.8",,"4.3",",7","11.1",",,,7","-2.6",",,,7"
"USC00016129","OPELIKA, AL US","2018-02","9.7",,"-2.8",",7,01,","27.2",",7,24,+","1154.1",,"13.7",",7","19.3",",,,7","8.1",",,,7"
"USC00016129","OPELIKA, AL US","2018-03","11.2",,"-3.9",",7,15,","26.1",",7,02,","1369.3",,"11.4",",7","18.7",",,,7","4.2",",,,7"
"USC00016129","OPELIKA, AL US","2018-04","19.3",,"1.1","1,7,17,","27.2","1,7,19,+","1492.8",,"14.4","1,7","21.8","1,,,7","7.0","1,,,7"
"USC00016129","OPELIKA, AL US","2018-05","149.9",,"7.2",",7,01,","32.8",",7,14,","1495.6",,"22.4",",7","28.5",",,,7","16.4",",,,7"
"USC00016129","OPELIKA, AL US","2018-06","366.0",,"15.0",",7,06,+","33.9",",7,29,+","1495.6",,"25.5",",7","31.3",",,,7","19.8",",,,7"
"USW00053864","ALABASTER SHELBY CO AIRPORT, AL US","2017-12","1228.7","W","-5.5",",W,31,","23.9",",W,20,","543.0","W","7.9",",W","12.7",",,,W","3.0",",,,W"
"USW00053864","ALABASTER SHELBY CO AIRPORT, AL US","2018-01","1.1",,"-12.1",",W,17,","23.3",",W,11,","953.6",,"5.1",",W","11.0",",,,W","-0.8",",,,W"
"USW00053864","ALABASTER SHELBY CO AIRPORT, AL US","2018-02","23.1",,"-0.5",",W,03,","27.8",",W,21,","1073.5",,"14.8",",W","20.1",",,,W","9.6",",,,W"
"USW00053864","ALABASTER SHELBY CO AIRPORT, AL US","2018-03","31.2",,"-0.5",",W,15,+","26.7",",W,28,+","1240.2",,"13.2",",W","19.4",",,,W","7.1",",,,W"
"USW00053864","ALABASTER SHELBY CO AIRPORT, AL US","2018-04","41.5",,"2.2",",W,16,","28.3",",W,03,","1324.1",,"15.9",",W","22.4",",,,W","9.4",",,,W"
"USW00053864","ALABASTER SHELBY CO AIRPORT, AL US","2018-05","217.9",,"11.1",",D,01,","33.9",",D,14,","1324.1",,"24.0",",D","29.7",",,,D","18.3",",,,D"
"USW00053864","ALABASTER SHELBY CO AIRPORT, AL US","2018-06","459.5",,"17.2","1,W,06,","33.9",",W,30,+","1324.1",,"26.7","1,W","32.1",",,,W","21.3","1,,,W"
"USC00013645","HAMILTON 3 S, AL US","2017-12","932.2","7","-8.9",",7,11,+","23.9",",7,23,","743.4","7","6.1",",7","12.9",",,,7","-0.8",",,,7"
"USC00013645","HAMILTON 3 S, AL US","2018-01","0.0",,"-16.1",",7,18,+","22.2",",7,22,","1270.9",,"1.3",",7","8.8",",,,7","-6.2",",,,7"
"USC00013645","HAMILTON 3 S, AL US","2018-02","15.3",,"-4.4","1,7,09,+","28.9",",7,22,","1454.5",,"12.1","1,7","18.4",",,,7","5.8","1,,,7"
"USC00013645","HAMILTON 3 S, AL US","2018-03","16.4",,"-5.6",",7,09,","26.1",",7,20,","1700.4",,"10.4",",7","17.8",",,,7","3.0",",,,7"
"USC00013645","HAMILTON 3 S, AL US","2018-04","19.8",,"-3.3",",7,08,","30.6",",7,04,","1873.0",,"12.7",",7","21.4",",,,7","3.9",",,,7"
"USC00013645","HAMILTON 3 S, AL US","2018-05","157.0",,"1.1",",7,01,","35.0",",7,16,","1880.5",,"22.5",",7","30.1",",,,7","14.9",",,,7"
"USC00013645","HAMILTON 3 S, AL US","2018-06","356.7",,"12.8","3,7,06,","35.0","3,7,30,+","1880.5",,"25.7","3,7","32.7","3,,,7","18.8","3,,,7"
"USR0000ALIR","LIRI ALABAMA, AL US","2017-12","702.1","U","-8.9",",U,31,","20.0",",U,02,","759.7","U","5.4",",U","10.3",",,,U","0.5",",,,U"
"USR0000ALIR","LIRI ALABAMA, AL US","2018-01","0.0",,"-15.6",",U,17,","18.9",",U,21,","1272.7",,"1.8",",U","7.9",",,,U","-4.4",",,,U"
"USR0000ALIR","LIRI ALABAMA, AL US","2018-02","9.2",,"-5.6","1,U,02,","26.1","1,U,23,+","1464.1",,"11.3","2,U","16.6","1,,,U","6.0","1,,,U"
"USR0000ALIR","LIRI ALABAMA, AL US","2018-03","9.2",,"-6.7",",U,09,","25.0",",U,28,","1724.0",,"9.9",",U","16.0",",,,U","3.9",",,,U"
"USR0000ALIR","LIRI ALABAMA, AL US","2018-04","14.3",,"-2.8",",U,17,","27.8",",U,18,","1890.7",,"12.9",",U","20.2",",,,U","5.7",",,,U"
"USR0000ALIR","LIRI ALABAMA, AL US","2018-05","117.3",,"3.9",",U,01,","32.2",",U,13,","1893.2",,"21.6",",U","28.6",",,,U","14.5",",,,U"
"USR0000ALIR","LIRI ALABAMA, AL US","2018-06","288.0",,"11.1",",U,06,","33.3",",U,18,+","1893.2",,"24.0",",U","30.9",",,,U","17.2",",,,U"
"USC00010252","ANDALUSIA 3 W, AL US","2018-01","0.0",,"-10.6","2,7,17,","22.2","2,7,21,",,,"7.2","2,7","14.5","2,,,7","-0.1","2,,,7"
"USW00023802","THOMASVILLE 2 S, AL US","2017-12",,,"-4.8",",R,10,","25.6",",R,05,",,,"8.3",",R","13.6",",,,R","3.1",",,,R"
"USW00023802","THOMASVILLE 2 S, AL US","2018-01","1.0",,"-12.7",",R,17,","22.6",",R,21,",,,"5.3",",R","11.4",",,,R","-0.9",",,,R"
"USW00023802","THOMASVILLE 2 S, AL US","2018-02","29.9",,"-2.2",",R,03,","28.3",",R,21,",,,"15.6",",R","21.1",",,,R","9.9",",,,R"
"USW00023802","THOMASVILLE 2 S, AL US","2018-03","46.5",,"-2.8",",R,15,","27.3",",R,25,",,,"13.5",",R","20.4",",,,R","6.7",",,,R"
"USW00023802","THOMASVILLE 2 S, AL US","2018-04","57.1",,"0.9",",R,16,","28.1",",R,03,",,,"15.3",",R","22.5",",,,R","8.2",",,,R"
"USW00023802","THOMASVILLE 2 S, AL US","2018-05","206.8",,"9.8",",R,01,","33.1",",R,14,",,,"23.2",",R","30.1",",,,R","16.3",",,,R"
"USW00023802","THOMASVILLE 2 S, AL US","2018-06","431.0",,"15.8",",R,05,","34.6",",R,30,",,,"25.8",",R","31.6",",,,R","20.0",",,,R"
"USC00017207","SAND MOUNTAIN SUBSTATION, AL US","2017-12","806.1","7","-6.7","1,7,16,+","18.9","1,7,24,","716.5","7","5.7","1,7","11.1","1,,,7","0.3","1,,,7"
"USC00017207","SAND MOUNTAIN SUBSTATION, AL US","2018-01","0.0",,"-15.6",",7,18,","18.9",",7,22,","1244.4",,"1.3",",7","7.0",",,,7","-4.4",",,,7"
"USC00017207","SAND MOUNTAIN SUBSTATION, AL US","2018-02","9.7",,"-5.0",",7,03,","26.1",",7,24,+","1461.0",,"10.9",",7","16.3",",,,7","5.6",",,,7"
"USC00017207","SAND MOUNTAIN SUBSTATION, AL US","2018-03","9.7",,"-3.9",",7,09,","25.0",",7,29,","1734.9",,"9.5",",7","15.3",",,,7","3.7",",,,7"
"USC00017207","SAND MOUNTAIN SUBSTATION, AL US","2018-04","10.0",,"-1.7",",7,09,+","26.7",",7,14,+","1903.5",,"12.7",",7","19.4",",,,7","6.0",",,,7"
"USC00017207","SAND MOUNTAIN SUBSTATION, AL US","2018-05","133.9",,"3.3",",7,01,","31.7",",7,15,","1908.5",,"22.2",",7","28.1",",,,7","16.3",",,,7"
"USC00017207","SAND MOUNTAIN SUBSTATION, AL US","2018-06","316.2",,"13.3",",7,06,","32.8",",7,27,+","1908.5",,"24.4",",7","30.3",",,,7","18.6",",,,7"
"USR0000AOPE","OPEN POND FTS ALABAMA, AL US","2017-12","1514.3","U","-2.2",",U,10,","25.6",",U,20,+","351.6","U","11.3",",U","16.5",",,,U","6.2",",,,U"
"USR0000AOPE","OPEN POND FTS ALABAMA, AL US","2018-01","1.9",,"-7.8",",U,18,","23.3",",U,21,+","679.5",,"7.8",",U","14.1",",,,U","1.5",",,,U"
"USR0000AOPE","OPEN POND FTS ALABAMA, AL US","2018-02","51.3",,"-1.1",",U,03,","30.0",",U,22,","738.5",,"18.0",",U","23.6",",,,U","12.4",",,,U"
"USR0000AOPE","OPEN POND FTS ALABAMA, AL US","2018-03","73.2",,"0.0",",U,15,+","28.9",",U,01,","854.5",,"15.3",",U","21.9",",,,U","8.7",",,,U"
"USR0000AOPE","OPEN POND FTS ALABAMA, AL US","2018-04","101.4",,"3.3",",U,16,","30.6",",U,18,","890.9",,"18.1",",U","25.4",",,,U","10.7",",,,U"
"USR0000AOPE","OPEN POND FTS ALABAMA, AL US","2018-05","313.4",,"13.9",",U,03,+","36.1",",U,12,","890.9",,"25.2",",U","31.9",",,,U","18.5",",,,U"
"USR0000AOPE","OPEN POND FTS ALABAMA, AL US","2018-06","590.4",,"18.3",",U,05,","36.1",",U,25,","890.9",,"27.6",",U","33.3",",,,U","21.9",",,,U"
"USC00013519","GREENVILLE, AL US","2017-12","1133.1","7","-3.9",",7,10,","25.0",",7,07,+","482.6","7","10.0",",7","16.3",",,,7","3.7",",,,7"
"USC00013519","GREENVILLE, AL US","2018-01","0.0",,"-10.6",",7,18,","22.8",",7,12,","865.9",,"6.0",",7","13.1",",,,7","-1.2",",,,7"
"USC00013519","GREENVILLE, AL US","2018-02","24.4",,"-3.3",",7,01,","28.9",",7,22,","975.7",,"15.3",",7","22.0",",,,7","8.6",",,,7"
"USC00013519","GREENVILLE, AL US","2018-03","37.2",,"-2.2",",7,15,","27.8",",7,26,+","1135.6",,"13.6",",7","21.2",",,,7","6.0",",,,7"
"USC00013519","GREENVILLE, AL US","2018-04","43.9",,"1.7",",7,16,","28.9",",7,19,","1235.8",,"15.2",",7","23.4",",,,7","7.0",",,,7"
"USC00013519","GREENVILLE, AL US","2018-05","199.3",,"10.0",",7,01,","33.9",",7,15,+","1235.8",,"23.4",",7","30.3",",,,7","16.4",",,,7"
"USC00013519","GREENVILLE, AL US","2018-06","437.7",,"15.6",",7,05,","34.4",",7,29,","1235.8",,"26.3",",7","32.0",",,,7","20.5",",,,7"
"USC00013511","GREENSBORO, AL US","2017-12","1155.3","7","-7.2",",7,31,","23.9",",7,05,","575.6","7","7.3",",7","12.4",",,,7","2.3",",,,7"
"USC00013511","GREENSBORO, AL US","2018-01","0.0",,"-11.1",",7,16,","22.2",",7,11,","983.6",,"5.2",",7","11.3",",,,7","-0.9",",,,7"
"USC00013511","GREENSBORO, AL US","2018-02","18.9",,"-1.7",",7,02,","27.8",",7,21,","1115.8",,"14.3",",7","19.9",",,,7","8.6",",,,7"
"USC00013511","GREENSBORO, AL US","2018-03","27.1",,"-1.7",",7,09,","26.7",",7,17,","1290.6",,"13.0",",7","19.4",",,,7","6.5",",,,7"
"USC00013511","GREENSBORO, AL US","2018-04","34.3",,"2.2",",7,07,+","28.3",",7,04,","1388.1",,"15.3",",7","21.7",",,,7","9.0",",,,7"
"USC00013511","GREENSBORO, AL US","2018-05","199.7",,"12.2",",7,07,","32.8",",7,14,","1388.1",,"23.7",",7","29.5",",,,7","17.8",",,,7"
"USC00013511","GREENSBORO, AL US","2018-06","439.8",,"16.1",",7,07,","33.9",",7,30,+","1388.1",,"26.3",",7","32.0",",,,7","20.7",",,,7"
"USC00011694","CLANTON, AL US","2017-12",,,"-6.1","1,7,16,","23.9","1,7,21,",,,"7.7","1,7","13.5","1,,,7","1.9","1,,,7"
"USC00011694","CLANTON, AL US","2018-01","0.0",,"-13.3",",7,18,+","23.9",",7,12,",,,"4.3",",7","11.5",",,,7","-2.9",",,,7"
"USC00011694","CLANTON, AL US","2018-02","9.3",,"-4.4",",7,01,","27.8",",7,24,+",,,"13.6",",7","20.1",",,,7","7.2",",,,7"
"USC00011694","CLANTON, AL US","2018-03","16.6",,"-3.3",",7,16,","27.2",",7,29,+",,,"12.6",",7","20.2",",,,7","5.0",",,,7"
"USC00011694","CLANTON, AL US","2018-04","24.9",,"1.1","1,7,05,","28.3",",7,04,+",,,"15.2","1,7","22.8",",,,7","7.6","1,,,7"
"USC00011694","CLANTON, AL US","2018-05","167.6",,"5.0","1,7,01,","34.4","1,7,15,",,,"23.0","1,7","29.9","1,,,7","16.1","1,,,7"
"USC00011694","CLANTON, AL US","2018-06","406.1",,"15.6",",7,07,+","36.1",",7,27,",,,"26.3",",7","32.4",",,,7","20.1",",,,7"
"USC00017674","SOUTHWEST HUNTSVILLE, AL US","2017-12",,,"-7.8",",7,28,","20.6",",7,23,","696.2","7","5.7",",7","11.3",",,,7","0.1",",,,7"
"USC00017674","SOUTHWEST HUNTSVILLE, AL US","2018-01","0.0",,"-14.4",",7,17,","21.1",",7,21,","1184.9",,"2.6",",7","8.6",",,,7","-3.4",",,,7"
"USC00017674","SOUTHWEST HUNTSVILLE, AL US","2018-02","14.5",,"-5.6",",7,02,","27.8",",7,21,","1382.3",,"11.8",",7","17.5",",,,7","6.1",",,,7"
"USC00017674","SOUTHWEST HUNTSVILLE, AL US","2018-03","16.4",,"-4.4",",7,09,","26.1",",7,17,","1628.7",,"10.4",",7","16.4",",,,7","4.5",",,,7"
"USC00017674","SOUTHWEST HUNTSVILLE, AL US","2018-04","22.2",,"-1.7",",7,08,","28.3",",7,03,","1777.2",,"13.6",",7","20.3",",,,7","6.8",",,,7"
"USC00017674","SOUTHWEST HUNTSVILLE, AL US","2018-05","169.6",,"7.8",",7,01,","33.3",",7,14,","1777.7",,"23.1",",7","29.4",",,,7","16.8",",,,7"
"USC00017674","SOUTHWEST HUNTSVILLE, AL US","2018-06","381.5",,"13.9",",7,06,+","34.4",",7,17,","1777.7",,"25.4",",7","31.5",",,,7","19.3",",,,7"
"USC00011566","CHATOM, AL US","2017-12",,,"-3.9","3,7,10,","26.7","3,7,06,","448.1","7","9.6","3,7","15.6","3,,,7","3.7","3,,,7"
"USC00011566","CHATOM, AL US","2018-01","0.0",,"-12.2","5,7,17,","22.2","5,7,23,+","800.0",,"4.8","5,7","11.4","5,,,7","-1.7","5,,,7"
"USC00011566","CHATOM, AL US","2018-02","21.2",,"-3.3","4,7,03,","28.9","4,7,23,","889.0",,"15.5","4,7","22.8","4,,,7","8.2","4,,,7"
"USC00011566","CHATOM, AL US","2018-05",,,"6.1","5,7,04,+","34.4","5,7,15,",,,"23.5","5,7","31.6","5,,,7","15.3","5,,,7"
"USC00013620","HALEYVILLE, AL US","2017-12",,,"-7.8",",7,28,","19.4",",7,23,+",,,"6.1",",7","11.3",",,,7","0.8",",,,7"
"USC00013620","HALEYVILLE, AL US","2018-01","0.0",,"-16.1","1,7,17,","20.0","1,7,22,+",,,"2.4","1,7","8.2","1,,,7","-3.4","1,,,7"
"USC00013620","HALEYVILLE, AL US","2018-02","10.1",,"-6.1",",7,02,","26.1",",7,23,",,,"11.6",",7","16.8",",,,7","6.3",",,,7"
"USC00013620","HALEYVILLE, AL US","2018-03","10.1",,"-2.2","1,7,14,+","24.4","1,7,20,",,,"11.6","1,7","17.2","1,,,7","5.9","1,,,7"
"USC00013620","HALEYVILLE, AL US","2018-04","10.4",,"-1.7",",7,08,","27.2",",7,03,",,,"14.0",",7","20.8",",,,7","7.2",",,,7"
"USC00013620","HALEYVILLE, AL US","2018-05","148.6",,"12.2",",7,07,+","33.3",",7,14,",,,"22.8",",7","28.6",",,,7","17.0",",,,7"
"USC00013620","HALEYVILLE, AL US","2018-06","348.9",,"14.4","1,7,04,","33.9","1,7,30,",,,"25.2","1,7","30.8","1,,,7","19.7","1,,,7"
"USC00017304","SCOTTSBORO, AL US","2017-12","956.8","7","-6.7",",7,16,","20.6",",7,24,","693.2","7","6.2",",7","12.0",",,,7","0.4",",,,7"
"USC00017304","SCOTTSBORO, AL US","2018-01","0.0",,"-14.4",",7,17,","21.7",",7,22,","1199.4",,"2.0",",7","8.7",",,,7","-4.7",",,,7"
"USC00017304","SCOTTSBORO, AL US","2018-02","15.7",,"-5.0",",7,03,+","27.8",",7,24,+","1412.8",,"11.3",",7","17.3",",,,7","5.3",",,,7"
"USC00017304","SCOTTSBORO, AL US","2018-03","15.7",,"-4.4",",7,09,","25.0",",7,18,","1673.7",,"9.9",",7","16.3",",,,7","3.5",",,,7"
"USC00017304","SCOTTSBORO, AL US","2018-04","17.7",,"-1.7",",7,08,","27.8",",7,04,","1842.8",,"12.8",",7","19.9",",,,7","5.7",",,,7"
"USC00017304","SCOTTSBORO, AL US","2018-05","148.4",,"3.3",",7,01,","32.8",",7,25,+","1848.4",,"22.4",",7","29.1",",,,7","15.6",",,,7"
"USC00017304","SCOTTSBORO, AL US","2018-06","343.8",,"12.2","1,7,06,","33.9","1,7,17,+","1848.4",,"25.1","1,7","31.5","1,,,7","18.6","1,,,7"
"USC00018998","WINFIELD 2 SW, AL US","2017-12",,,"-6.7",",7,16,","21.7",",7,23,",,,"6.5",",7","12.6",",,,7","0.4",",,,7"
"USC00018998","WINFIELD 2 SW, AL US","2018-01","0.0",,"-15.0",",7,18,+","21.1",",7,22,",,,"2.6",",7","9.4",",,,7","-4.2",",,,7"
"USC00018998","WINFIELD 2 SW, AL US","2018-02","9.7",,"-3.9","1,7,01,","26.1","1,7,21,",,,"11.3","1,7","17.2","1,,,7","5.4","1,,,7"
"USC00018998","WINFIELD 2 SW, AL US","2018-03","12.2",,"-3.9",",7,09,","25.0",",7,18,",,,"10.8",",7","17.5",",,,7","4.0",",,,7"
"USC00018998","WINFIELD 2 SW, AL US","2018-04","14.1",,"-1.7",",7,09,+","28.3",",7,04,",,,"13.4",",7","21.3",",,,7","5.4",",,,7"
"USC00018998","WINFIELD 2 SW, AL US","2018-05","145.0",,"6.1",",7,01,","32.8",",7,22,+",,,"22.5",",7","29.1",",,,7","15.9",",,,7"
"USC00018998","WINFIELD 2 SW, AL US","2018-06","348.1",,"13.9",",7,06,","33.9","1,7,18,+",,,"25.3","1,7","31.2","1,,,7","19.4",",,,7"
"USC00018517","VERNON, AL US","2017-12","1268.6","7","-5.6",",7,29,+","23.9",",7,23,","544.0","7","7.9",",7","13.9",",,,7","1.8",",,,7"
"USC00018517","VERNON, AL US","2018-01","0.0",,"-14.4",",7,17,","22.2",",7,22,","996.4",,"3.7",",7","10.4",",,,7","-2.9",",,,7"
"USC00018517","VERNON, AL US","2018-02","21.1",,"-2.2",",7,08,+","27.8",",7,23,+","1143.0",,"13.9",",7","19.8",",,,7","8.0",",,,7"
"USC00018517","VERNON, AL US","2018-03","28.7",,"-2.2",",7,15,+","26.7",",7,18,","1314.9",,"13.0",",7","19.5",",,,7","6.5",",,,7"
"USC00018517","VERNON, AL US","2018-04","35.2",,"-1.1",",7,08,","29.4","1,7,04,","1427.2",,"14.6","1,7","22.8","1,,,7","6.4",",,,7"
"USC00018517","VERNON, AL US","2018-05","196.1",,"9.4","2,7,01,","35.0","3,7,16,","1428.0",,"24.1","3,7","30.7","3,,,7","17.5","2,,,7"
"USC00018517","VERNON, AL US","2018-06","461.2",,"15.6",",7,06,","35.6",",7,29,","1428.0",,"27.2",",7","33.0",",,,7","21.3",",,,7"
"USW00073801","NORTHPORT 2 S, AL US","2017-12","1231.8","R","-5.3",",R,31,","24.7",",R,20,","566.0","R","7.6",",R","13.0",",,,R","2.3",",,,R"
"USW00073801","NORTHPORT 2 S, AL US","2018-01","1.1",,"-12.6",",R,17,","22.8",",R,21,","975.2",,"5.2",",R","11.4",",,,R","-1.1",",,,R"
"USW00073801","NORTHPORT 2 S, AL US","2018-02","28.3",,"-2.1","2,R,03,","28.6","2,R,22,+","1100.5",,"14.6","2,R","20.2","2,,,R","9.0","2,,,R"
"USW00073801","NORTHPORT 2 S, AL US","2018-03","40.9",,"-1.6",",R,15,","27.3",",R,17,","1269.5",,"13.3",",R","19.9",",,,R","6.7",",,,R"
"USW00073801","NORTHPORT 2 S, AL US","2018-04","50.0",,"-0.1",",R,08,","29.0",",R,03,","1364.5",,"15.5",",R","22.7",",,,R","8.2",",,,R"
"USW00073801","NORTHPORT 2 S, AL US","2018-05","226.8",,"9.5",",R,01,","34.5",",R,14,","1364.5",,"24.0",",R","30.6",",,,R","17.5",",,,R"
"USW00073801","NORTHPORT 2 S, AL US","2018-06","491.6",,"16.2",",R,06,","36.7",",R,28,","1364.5",,"27.2",",R","33.1",",,,R","21.2",",,,R"
"USW00073802","HIGHLAND HOME 2 S, AL US","2017-12",,,"-3.2",",R,31,","23.9",",R,05,","464.9","R","9.4",",R","14.2",",,,R","4.7",",,,R"
"USW00073802","HIGHLAND HOME 2 S, AL US","2018-01","1.1",,"-10.3",",R,18,","22.8",",R,11,","846.5",,"6.1",",R","11.6",",,,R","0.5",",,,R"
"USW00073802","HIGHLAND HOME 2 S, AL US","2018-02","25.3",,"-1.6","1,R,03,","27.6","1,R,22,","935.2",,"15.9","1,R","21.2","1,,,R","10.7","1,,,R"
"USW00073802","HIGHLAND HOME 2 S, AL US","2018-03","36.1",,"0.2",",R,13,","26.6",",R,25,","1089.6",,"13.7",",R","19.6",",,,R","7.8",",,,R"
"USW00073802","HIGHLAND HOME 2 S, AL US","2018-04","45.8",,"1.8",",R,16,","27.5",",R,18,","1169.5",,"16.0",",R","22.3",",,,R","9.7",",,,R"
"USW00073802","HIGHLAND HOME 2 S, AL US","2018-05","209.8",,"11.9",",R,01,","33.1",",R,14,","1169.5",,"23.6",",R","29.2",",,,R","18.0",",,,R"
"USW00073802","HIGHLAND HOME 2 S, AL US","2018-06","434.7",,"18.2",",R,06,","33.3",",R,24,","1169.5",,"25.8",",R","30.9",",,,R","20.8",",,,R"
"USW00073803","TALLADEGA 10 NNE, AL US","2017-12","1023.0","R","-6.5",",R,10,","21.2",",R,23,","643.7","R","6.9",",R","12.1",",,,R","1.7",",,,R"
"USW00073803","TALLADEGA 10 NNE, AL US","2018-01","0.1",,"-12.9",",R,17,","22.2",",R,11,","1098.2",,"3.7",",R","10.1",",,,R","-2.8",",,,R"
"USW00073803","TALLADEGA 10 NNE, AL US","2018-02","13.7",,"-1.4",",R,03,","27.5",",R,22,","1237.6",,"13.8",",R","19.5",",,,R","8.2",",,,R"
"USW00073803","TALLADEGA 10 NNE, AL US","2018-03","15.9",,"-3.5",",R,09,","26.2",",R,28,","1452.3",,"11.5",",R","18.2",",,,R","4.7",",,,R"
"USW00073803","TALLADEGA 10 NNE, AL US","2018-04","20.9",,"0.5",",R,05,","27.7",",R,03,","1572.5",,"14.5",",R","21.8",",,,R","7.2",",,,R"
"USW00073803","TALLADEGA 10 NNE, AL US","2018-05","173.4",,"7.8",",R,01,","33.0",",R,14,","1573.2",,"23.2",",R","29.6",",,,R","16.9",",,,R"
"USW00073803","TALLADEGA 10 NNE, AL US","2018-06","394.5",,"14.7",",R,06,","33.6",",R,16,","1573.2",,"25.7",",R","31.7",",,,R","19.7",",,,R"
"USC00010583","BAY MINETTE, AL US","2017-12",,,"-2.2",",7,10,+","25.0",",7,23,+",,,"11.2",",7","16.0",",,,7","6.3",",,,7"
"USC00010583","BAY MINETTE, AL US","2018-01","0.0",,"-9.4",",7,18,+","22.8",",7,22,",,,"7.2",",7","13.2",",,,7","1.3",",,,7"
"USC00010583","BAY MINETTE, AL US","2018-02","44.0",,"0.6",",7,03,","27.8",",7,23,",,,"17.8",",7","22.6",",,,7","12.9",",,,7"
"USC00010583","BAY MINETTE, AL US","2018-03","66.5",,"2.2",",7,15,+","27.8",",7,02,",,,"15.9",",7","21.8",",,,7","10.0",",,,7"
"USC00010583","BAY MINETTE, AL US","2018-04","88.1",,"4.4",",7,16,","27.2",",7,30,+",,,"17.3",",7","23.6",",,,7","11.0",",,,7"
"USC00010583","BAY MINETTE, AL US","2018-05","289.8",,"14.4",",7,07,","35.0",",7,15,",,,"24.8",",7","30.6",",,,7","19.1",",,,7"
"USC00010583","BAY MINETTE, AL US","2018-06","559.1",,"19.4",",7,07,+","34.4",",7,29,",,,"27.3",",7","31.7",",,,7","22.9",",,,7"
"USW00063857","GADSDEN 19 N, AL US","2017-12","712.1","R","-8.4",",R,31,","19.3",",R,23,","748.0","R","5.3",",R","10.3",",,,R","0.4",",,,R"
"USW00063857","GADSDEN 19 N, AL US","2018-01","0.0",,"-14.9","1,R,17,","18.7","1,R,21,","1240.7",,"1.9","1,R","7.4","1,,,R","-3.6","1,,,R"
"USW00063857","GADSDEN 19 N, AL US","2018-02","10.0",,"-5.0",",R,02,","25.5",",R,21,","1433.4",,"11.8",",R","16.7",",,,R","6.9",",,,R"
"USW00063857","GADSDEN 19 N, AL US","2018-03","10.0",,"-4.7",",R,09,","23.8",",R,28,","1702.1",,"9.7",",R","15.2",",,,R","4.1",",,,R"
"USW00063857","GADSDEN 19 N, AL US","2018-04","12.9",,"-2.2",",R,08,","26.1",",R,03,","1866.2",,"13.0",",R","19.4",",,,R","6.5",",,,R"
"USW00063857","GADSDEN 19 N, AL US","2018-05","120.4",,"8.4",",R,01,","30.6",",R,14,","1867.7",,"21.8",",R","27.4",",,,R","16.1",",,,R"
"USW00063857","GADSDEN 19 N, AL US","2018-06","287.7",,"11.5",",R,06,","32.0",",R,16,","1867.7",,"23.9",",R","29.7",",,,R","18.1",",,,R"
"USW00063858","SELMA 13 WNW, AL US","2017-12","1142.0","R","-7.0",",R,16,","26.3",",R,05,","583.5","R","7.8",",R","13.3",",,,R","2.3",",,,R"
"USW00063858","SELMA 13 WNW, AL US","2018-01","1.5",,"-11.6","1,R,17,","23.4","1,R,11,","990.1",,"4.8","1,R","11.3","1,,,R","-1.6","1,,,R"
"USW00063858","SELMA 13 WNW, AL US","2018-02","24.5",,"-3.6",",R,03,","28.1",",R,21,","1106.8",,"15.0",",R","20.8",",,,R","9.1",",,,R"
"USW00063858","SELMA 13 WNW, AL US","2018-03","38.3",,"-2.7","1,R,15,","27.7","1,R,17,","1277.5",,"13.1","1,R","20.0","1,,,R","6.2","1,,,R"
"USW00063858","SELMA 13 WNW, AL US","2018-04","45.7",,"2.6",",R,05,","28.4",",R,03,","1377.0",,"15.3",",R","22.5",",,,R","8.1",",,,R"
"USW00063858","SELMA 13 WNW, AL US","2018-05","205.7",,"10.8",",R,01,","33.7",",R,14,","1377.0",,"23.5",",R","30.2",",,,R","16.8",",,,R"
"USW00063858","SELMA 13 WNW, AL US","2018-06","447.4",,"15.9",",R,06,","35.0",",R,28,","1377.0",,"26.4",",R","32.1",",,,R","20.6",",,,R"
"USC00015121","MARION JUNCTION 2 NE, AL US","2017-12","1356.1","7","-6.1",",7,10,","26.7",",7,06,","556.7","7","8.0",",7","13.9",",,,7","2.2",",,,7"
"USC00015121","MARION JUNCTION 2 NE, AL US","2018-01","0.3",,"-11.7",",7,17,","24.4",",7,12,","985.0",,"4.5",",7","11.4",",,,7","-2.4",",,,7"
"USC00015121","MARION JUNCTION 2 NE, AL US","2018-02","21.1",,"-3.9",",7,01,","28.3",",7,22,+","1124.7",,"14.1",",7","20.3",",,,7","7.9",",,,7"
"USC00015121","MARION JUNCTION 2 NE, AL US","2018-03","37.3",,"-2.2",",7,15,+","28.9",",7,18,","1289.4",,"13.5",",7","20.6",",,,7","6.5",",,,7"
"USC00015121","MARION JUNCTION 2 NE, AL US","2018-04","46.5",,"2.2",",7,16,","29.4",",7,04,","1371.5",,"15.9",",7","23.2",",,,7","8.6",",,,7"
"USC00015121","MARION JUNCTION 2 NE, AL US","2018-05","230.0",,"10.0",",7,01,","34.4",",7,21,+","1371.5",,"24.3",",7","31.1",",,,7","17.4",",,,7"
"USC00015121","MARION JUNCTION 2 NE, AL US","2018-06","505.4",,"16.7",",7,06,","37.2",",7,27,","1371.5",,"27.5",",7","34.0",",,,7","21.0",",,,7"
"USW00063862","VALLEY HEAD 1 SSW, AL US","2017-12",,,"-8.3",",R,31,","19.7",",R,23,",,,"5.0",",R","10.3",",,,R","-0.2",",,,R"
"USW00063862","VALLEY HEAD 1 SSW, AL US","2018-01","0.0",,"-14.9",",R,17,","19.0",",R,21,",,,"1.8",",R","7.8",",,,R","-4.2",",,,R"
"USW00063862","VALLEY HEAD 1 SSW, AL US","2018-03",,,"-5.8",",R,09,","24.4",",R,28,",,,"9.0",",R","15.4",",,,R","2.6",",,,R"
"USW00063862","VALLEY HEAD 1 SSW, AL US","2018-04",,,"-1.9",",R,05,","26.5",",R,13,",,,"12.5",",R","19.6",",,,R","5.4",",,,R"
"USW00063862","VALLEY HEAD 1 SSW, AL US","2018-05",,,"6.2",",R,01,","31.0",",R,14,",,,"21.6",",R","27.8",",,,R","15.4",",,,R"
"USW00063862","VALLEY HEAD 1 SSW, AL US","2018-06",,,"12.2",",R,06,","31.8",",R,18,+",,,"23.9",",R","29.9",",,,R","18.0",",,,R"
"USC00012096","CULLMAN NAHS, AL US","2017-12",,,"-8.3","1,7,16,","19.4","1,7,25,+","734.2","7","5.6","1,7","11.7","1,,,7","-0.5","1,,,7"
"USC00012096","CULLMAN NAHS, AL US","2018-01","0.0",,"-14.4","1,7,18,","20.0",",7,12,","1253.2",,"1.0","1,7","7.0",",,,7","-5.0","1,,,7"
"USC00012096","CULLMAN NAHS, AL US","2018-02","6.4",,"-5.6","1,7,02,","25.6","1,7,22,","1461.2",,"10.9","1,7","16.3","1,,,7","5.5","1,,,7"
"USW00053820","EVERGREEN MIDDLETON FIELD, AL US","2017-12","1321.8","W","-3.8",",W,10,","26.7",",W,05,","439.4","W","10.1",",W","16.1",",,,W","4.1",",,,W"
"USW00053820","EVERGREEN MIDDLETON FIELD, AL US","2018-01","1.9",,"-8.2",",W,18,+","23.3",",W,21,+","796.0",,"6.9",",W","13.8",",,,W","0.0",",,,W"
"USW00053820","EVERGREEN MIDDLETON FIELD, AL US","2018-02","46.9",,"-1.6",",W,03,","30.0",",W,23,+","861.0",,"17.6",",W","23.8",",,,W","11.4",",,,W"
"USW00053820","EVERGREEN MIDDLETON FIELD, AL US","2018-03","73.4",,"-2.1",",W,15,","28.9",",W,25,","989.0",,"15.1",",W","22.4",",,,W","7.7",",,,W"
"USW00053820","EVERGREEN MIDDLETON FIELD, AL US","2018-04","88.7",,"2.2",",W,16,","30.0",",W,18,","1045.5",,"17.0",",W","24.8",",,,W","9.1",",,,W"
"USW00053820","EVERGREEN MIDDLETON FIELD, AL US","2018-05","281.4",,"11.1",",W,01,","36.1",",W,14,","1045.5",,"24.6",",W","32.1",",,,W","17.0",",,,W"
"USW00053820","EVERGREEN MIDDLETON FIELD, AL US","2018-06","541.2",,"16.7",",W,05,","35.6",",W,26,+","1045.5",,"27.0",",W","32.9",",,,W","21.1",",,,W"
"USR0000AOKM","OAKMULGEE ALABAMA, AL US","2017-12","1263.6","U","-5.0","1,U,16,","25.0","1,U,20,","533.2","U","7.9","2,U","13.3","1,,,U","2.4","1,,,U"
"USR0000AOKM","OAKMULGEE ALABAMA, AL US","2018-01","2.0",,"-11.7",",U,17,","23.9",",U,11,","927.7",,"5.7",",U","12.1",",,,U","-0.8",",,,U"
"USR0000AOKM","OAKMULGEE ALABAMA, AL US","2018-02","25.7",,"-0.6","1,U,03,","28.3","1,U,21,","1031.8",,"15.1","2,U","21.1","1,,,U","9.2","1,,,U"
"USR0000AOKM","OAKMULGEE ALABAMA, AL US","2018-03","38.5",,"-2.2",",U,15,+","27.8",",U,28,+","1198.7",,"13.4",",U","20.4",",,,U","6.3",",,,U"
"USR0000AOKM","OAKMULGEE ALABAMA, AL US","2018-04","47.4",,"1.7",",U,16,+","28.9",",U,03,","1282.3",,"15.8",",U","23.6",",,,U","8.1",",,,U"
"USR0000AOKM","OAKMULGEE ALABAMA, AL US","2018-05","229.0",,"9.4",",U,01,","35.0",",U,20,+","1282.3",,"24.2",",U","31.2",",,,U","17.1",",,,U"
"USR0000AOKM","OAKMULGEE ALABAMA, AL US","2018-06","499.9",,"15.6",",U,06,","36.7",",U,08,","1282.3",,"27.4",",U","33.9",",,,U","20.9",",,,U"
"USR0000ABAN","BANKHEAD ALABAMA, AL US","2017-12","955.3","U","-9.4",",U,31,","20.6",",U,02,","651.2","U","6.2",",U","11.6",",,,U","0.8",",,,U"
"USR0000ABAN","BANKHEAD ALABAMA, AL US","2018-01","0.0",,"-15.6",",U,17,","21.1",",U,21,","1123.8",,"3.1",",U","9.2",",,,U","-3.0",",,,U"
"USR0000ABAN","BANKHEAD ALABAMA, AL US","2018-02","16.2",,"-6.1",",U,02,","26.7",",U,21,","1317.4",,"12.0",",U","17.3",",,,U","6.7",",,,U"
"USR0000ABAN","BANKHEAD ALABAMA, AL US","2018-03","17.8",,"-3.3",",U,09,","25.0",",U,17,","1547.8",,"10.9",",U","16.9",",,,U","5.0",",,,U"
"USR0000ABAN","BANKHEAD ALABAMA, AL US","2018-04","24.8",,"-1.7",",U,08,","27.8",",U,03,","1688.0",,"13.9",",U","20.5",",,,U","7.3",",,,U"
"USR0000ABAN","BANKHEAD ALABAMA, AL US","2018-05","176.3",,"10.6",",U,01,","33.3",",U,15,","1688.5",,"23.2",",U","29.4",",,,U","17.1",",,,U"
"USR0000ABAN","BANKHEAD ALABAMA, AL US","2018-06","389.3",,"14.4",",U,04,","34.4",",U,30,+","1688.5",,"25.4",",U","31.4",",,,U","19.4",",,,U"
"USW00063868","COURTLAND 2 WSW, AL US","2017-12","922.0","R","-8.9",",R,31,","21.1",",R,23,","722.9","R","5.5",",R","10.9",",,,R","0.1",",,,R"
"USW00063868","COURTLAND 2 WSW, AL US","2018-01","0.0",,"-14.3",",R,17,","20.6",",R,21,","1213.1",,"2.5",",R","8.6",",,,R","-3.5",",,,R"
"USW00063868","COURTLAND 2 WSW, AL US","2018-02","13.6",,"-5.5",",R,02,","26.8",",R,21,","1410.9",,"11.8",",R","17.1",",,,R","6.4",",,,R"
"USW00063868","COURTLAND 2 WSW, AL US","2018-03","15.9",,"-3.2",",R,09,","26.1",",R,17,","1657.9",,"10.4",",R","16.3",",,,R","4.6",",,,R"
"USW00063868","COURTLAND 2 WSW, AL US","2018-04","23.1",,"-1.6",",R,08,","28.4",",R,03,","1806.8",,"13.6",",R","20.1",",,,R","7.1",",,,R"
"USW00063868","COURTLAND 2 WSW, AL US","2018-05","172.8",,"8.5",",R,01,","32.6",",R,15,","1806.8",,"23.2",",R","29.1",",,,R","17.2",",,,R"
"USW00063868","COURTLAND 2 WSW, AL US","2018-06","386.6",,"14.4",",R,04,","33.5",",R,26,","1806.8",,"25.5",",R","31.1",",,,R","19.8",",,,R"
"USW00063869","FAIRHOPE 3 NE, AL US","2017-12",,,"-1.8",",R,10,","25.6",",R,05,",,,"11.2",",R","16.2",",,,R","6.3",",,,R"
"USW00063869","FAIRHOPE 3 NE, AL US","2018-01","1.5",,"-8.1","1,R,18,","22.7","1,R,22,",,,"7.8","1,R","14.1","1,,,R","1.6","1,,,R"
"USW00063869","FAIRHOPE 3 NE, AL US","2018-02","46.2",,"1.3",",R,03,","27.7",",R,22,",,,"18.0",",R","22.6",",,,R","13.4",",,,R"
"USW00063869","FAIRHOPE 3 NE, AL US","2018-03","66.8",,"-0.9",",R,15,","26.3",",R,29,",,,"15.2",",R","21.1",",,,R","9.2",",,,R"
"USW00063869","FAIRHOPE 3 NE, AL US","2018-04","82.8",,"2.2",",R,16,","28.0",",R,29,",,,"17.0",",R","23.6",",,,R","10.4",",,,R"
"USW00063869","FAIRHOPE 3 NE, AL US","2018-05","237.7",,"10.7","2,R,07,","34.0","1,R,14,",,,"23.7","2,R","30.1","1,,,R","17.3","2,,,R"
"USW00063869","FAIRHOPE 3 NE, AL US","2018-06","486.6",,"18.7",",R,07,","33.4",",R,28,",,,"26.6",",R","31.2",",,,R","22.1",",,,R"
"USW00063867","CULLMAN 3 ENE, AL US","2017-12","785.4","R","-8.6",",R,31,","20.0",",R,23,","745.1","R","5.4",",R","10.9",",,,R","-0.2",",,,R"
"USW00063867","CULLMAN 3 ENE, AL US","2018-01","0.0",,"-14.4",",R,17,","20.8",",R,11,","1243.3",,"2.3",",R","8.4",",,,R","-3.9",",,,R"
"USW00063867","CULLMAN 3 ENE, AL US","2018-02","10.8",,"-4.6",",R,02,","26.8",",R,21,","1438.4",,"11.8",",R","17.3",",,,R","6.3",",,,R"
"USW00063867","CULLMAN 3 ENE, AL US","2018-03","11.5",,"-5.2",",R,09,","23.9",",R,17,","1695.8",,"10.1",",R","16.3",",,,R","3.9",",,,R"
"USW00063867","CULLMAN 3 ENE, AL US","2018-04","14.6",,"-1.4",",R,05,","27.1",",R,03,","1857.2",,"13.1",",R","20.1",",,,R","6.0",",,,R"
"USW00063867","CULLMAN 3 ENE, AL US","2018-05","130.2",,"6.5",",R,01,","32.1",",R,20,","1858.9",,"22.0",",R","28.5",",,,R","15.5",",,,R"
"USW00063867","CULLMAN 3 ENE, AL US","2018-06","321.5",,"12.9",",R,06,","34.2",",R,16,","1858.9",,"24.7",",R","31.1",",,,R","18.3",",,,R"
"USC00013043","FORT PAYNE, AL US","2017-12","1034.4","7","-7.2","2,7,16,","20.6","2,7,23,+","579.1","7","7.2","2,7","12.5","2,,,7","1.8","2,,,7"
"USC00013043","FORT PAYNE, AL US","2018-01","0.0",,"-17.2","4,7,17,","20.6","3,7,22,","1032.4",,"1.8","4,7","8.4","3,,,7","-4.8","4,,,7"
"USC00013043","FORT PAYNE, AL US","2018-02","16.5",,"-5.6","2,7,02,","27.2","2,7,23,","1186.1",,"13.1","2,7","18.5","2,,,7","7.6","2,,,7"
"USC00013043","FORT PAYNE, AL US","2018-03","19.0",,"-4.4","1,7,09,","25.0","1,7,29,","1430.5",,"10.3","1,7","16.4","1,,,7","4.2","1,,,7"
"USC00013043","FORT PAYNE, AL US","2018-04","26.8",,"-1.7","2,7,08,","28.3","2,7,14,","1560.4",,"14.0","2,7","20.6","2,,,7","7.3","2,,,7"
"USC00013043","FORT PAYNE, AL US","2018-05","191.9",,"6.7",",7,01,","33.3",",7,15,","1562.9",,"23.6",",7","29.6",",,,7","17.5",",,,7"
"USC00013043","FORT PAYNE, AL US","2018-06","413.1",,"15.0","1,7,05,+","35.0","1,7,17,+","1562.9",,"26.0","1,7","32.1","1,,,7","19.9","1,,,7"
"USW00063874","GREENVILLE MAC CRENSHAW MEMORIAL AIRPORT, AL US","2017-12",,,"-2.7",",W,10,","24.4",",W,05,+",,,"10.0",",W","15.4",",,,W","4.6",",,,W"
"USW00063874","GREENVILLE MAC CRENSHAW MEMORIAL AIRPORT, AL US","2018-01","2.2",,"-9.3","1,W,18,","23.9","1,W,11,",,,"7.1","1,W","13.4","1,,,W","0.8","1,,,W"
"USW00063874","GREENVILLE MAC CRENSHAW MEMORIAL AIRPORT, AL US","2018-02","40.1",,"-1.0",",W,03,","29.4",",W,21,",,,"17.1",",W","22.9",",,,W","11.4",",,,W"
"USW00063874","GREENVILLE MAC CRENSHAW MEMORIAL AIRPORT, AL US","2018-03","62.8",,"-1.0",",W,15,+","28.9",",W,25,",,,"14.7",",W","21.4",",,,W","7.9",",,,W"
"USW00063874","GREENVILLE MAC CRENSHAW MEMORIAL AIRPORT, AL US","2018-04","78.8",,"3.3",",W,17,+","29.4",",W,18,+",,,"16.8",",W","24.2",",,,W","9.5",",,,W"
"USW00063874","GREENVILLE MAC CRENSHAW MEMORIAL AIRPORT, AL US","2018-05","276.8",,"11.1",",W,01,","35.6",",W,14,",,,"24.7",",W","31.7",",,,W","17.7",",,,W"
"USW00063874","GREENVILLE MAC CRENSHAW MEMORIAL AIRPORT, AL US","2018-06","546.2",,"17.2",",W,05,","35.0",",W,26,+",,,"27.3",",W","33.2",",,,W","21.4",",,,W"
"USW00063872","EUFAULA WEEDON FIELD AIRPORT, AL US","2017-12","1465.8","W","-2.1",",W,16,+","26.7",",W,05,","386.4","W","10.9",",W","16.7",",,,W","5.2",",,,W"
"USW00063872","EUFAULA WEEDON FIELD AIRPORT, AL US","2018-01","1.4",,"-7.7",",W,18,","25.6",",W,11,","724.4",,"7.5",",W","14.6",",,,W","0.4",",,,W"
"USW00063872","EUFAULA WEEDON FIELD AIRPORT, AL US","2018-02","39.5",,"-2.1",",W,03,","30.6",",W,23,+","796.3",,"17.1",",W","23.5",",,,W","10.8",",,,W"
"USW00063872","EUFAULA WEEDON FIELD AIRPORT, AL US","2018-03","58.1",,"-2.1",",W,15,+","28.9",",W,28,","937.7",,"14.4",",W","21.9",",,,W","6.8",",,,W"
"USW00063872","EUFAULA WEEDON FIELD AIRPORT, AL US","2018-04","77.6",,"2.2",",W,17,","30.6",",W,18,+","987.2",,"17.3",",W","25.5",",,,W","9.2",",,,W"
"USW00063872","EUFAULA WEEDON FIELD AIRPORT, AL US","2018-05","276.9",,"11.7",",W,02,","36.1",",W,13,","987.2",,"24.8",",W","31.6",",,,W","17.9",",,,W"
"USW00063872","EUFAULA WEEDON FIELD AIRPORT, AL US","2018-06","554.7",,"16.1",",W,05,","37.2",",W,25,","987.2",,"27.6",",W","33.9",",,,W","21.3",",,,W"
"USW00063870","FLORALA MUNICIPAL AIRPORT, AL US","2017-12",,,"-2.1",",W,13,+","26.1",",W,20,+",,,"11.4",",W","16.7",",,,W","6.1",",,,W"
"USW00063870","FLORALA MUNICIPAL AIRPORT, AL US","2018-01","1.9",,"-8.2","1,W,18,","23.3","1,W,11,",,,"7.8","1,W","14.5","1,,,W","1.0","1,,,W"
"USW00063870","FLORALA MUNICIPAL AIRPORT, AL US","2018-03",,,"-1.0",",W,15,","27.2",",W,01,",,,"14.8",",W","21.7",",,,W","8.0",",,,W"
"USW00063870","FLORALA MUNICIPAL AIRPORT, AL US","2018-04",,,"3.3",",W,16,+","29.4",",W,18,",,,"17.8",",W","25.1",",,,W","10.5",",,,W"
"USW00063870","FLORALA MUNICIPAL AIRPORT, AL US","2018-05",,,"12.2",",W,02,","34.4",",W,13,+",,,"24.5",",W","30.9",",,,W","18.1",",,,W"
"USW00063870","FLORALA MUNICIPAL AIRPORT, AL US","2018-06",,,"17.8",",W,07,+","35.6",",W,28,+",,,"27.3",",W","32.9",",,,W","21.7",",,,W"
"USC00011099","BRIDGEPORT 5 NW, AL US","2017-12",,,"-7.8","1,7,16,","19.4","1,7,23,","701.9","7","5.4","1,7","10.9","1,,,7","-0.1","1,,,7"
"USC00011099","BRIDGEPORT 5 NW, AL US","2018-01","0.0",,"-15.0","3,7,17,","18.9","3,7,23,","1207.5",,"0.3","3,7","6.1","3,,,7","-5.6","3,,,7"
"USC00011099","BRIDGEPORT 5 NW, AL US","2018-02","9.4",,"-5.6",",7,03,+","27.2",",7,24,","1437.8",,"10.4",",7","16.4",",,,7","4.5",",,,7"
"USC00011099","BRIDGEPORT 5 NW, AL US","2018-03","10.0",,"-5.6","1,7,09,","26.1","1,7,29,","1711.6",,"9.2","1,7","15.7","1,,,7","2.7","1,,,7"
"USC00011099","BRIDGEPORT 5 NW, AL US","2018-04","10.6",,"-1.7",",7,17,+","26.1",",7,30,+","1883.9",,"12.6",",7","19.5",",,,7","5.7",",,,7"
"USC00011099","BRIDGEPORT 5 NW, AL US","2018-05","111.8",,"1.7","2,7,01,","31.7","2,7,17,","1891.1",,"21.6","2,7","27.7","2,,,7","15.5","2,,,7"
"USC00011099","BRIDGEPORT 5 NW, AL US","2018-06","290.0",,"12.2",",7,06,","32.2",",7,26,+","1891.1",,"24.3",",7","30.1",",,,7","18.5",",,,7"
"USC00013154","GADSDEN, AL US","2017-12","1063.2","7","-6.1",",7,31,","20.6",",7,23,+","563.9","7","7.9",",7","13.1",",,,7","2.6",",,,7"
"USC00013154","GADSDEN, AL US","2018-01","0.0",,"-12.8",",7,17,","20.6",",7,22,+","1042.0",,"2.9",",7","9.4",",,,7","-3.6",",,,7"
"USC00013154","GADSDEN, AL US","2018-02","13.9",,"-2.8",",7,03,","27.2",",7,23,+","1202.1",,"13.1",",7","18.6",",,,7","7.6",",,,7"
"USC00013154","GADSDEN, AL US","2018-03","14.5",,"-2.2",",7,11,","24.4",",7,28,+","1404.9",,"11.8",",7","17.6",",,,7","6.1",",,,7"
"USC00013154","GADSDEN, AL US","2018-04","28.2",,"1.7",",7,17,","27.8",",7,16,+","1482.8",,"16.2",",7","23.2",",,,7","9.1",",,,7"
"USC00013154","GADSDEN, AL US","2018-05","195.0",,"10.0","1,7,01,","33.3","2,7,24,+","1482.8",,"24.1","2,7","29.7","2,,,7","18.5","1,,,7"
"USC00013154","GADSDEN, AL US","2018-06","414.8",,"16.7","2,7,06,","35.0","2,7,16,+","1482.8",,"26.2","2,7","32.1","2,,,7","20.3","2,,,7"
"USC00013160","GAINESVILLE LOCK, AL US","2017-12",,,"-5.0",",7,17,","24.4",",7,21,",,,"7.7",",7","13.4",",,,7","2.1",",,,7"
"USC00013160","GAINESVILLE LOCK, AL US","2018-01","0.0",,"-12.8",",7,18,","22.2",",7,22,",,,"3.7",",7","10.2",",,,7","-2.8",",,,7"
"USC00013160","GAINESVILLE LOCK, AL US","2018-02","21.2",,"-2.8","1,7,09,","28.9",",7,23,",,,"14.2","1,7","20.5",",,,7","7.9","1,,,7"
"USC00013160","GAINESVILLE LOCK, AL US","2018-03","35.4",,"-1.1",",7,16,+","28.3",",7,18,",,,"13.1",",7","19.9",",,,7","6.4",",,,7"
"USC00013160","GAINESVILLE LOCK, AL US","2018-04","41.0",,"0.6",",7,16,+","29.4",",7,04,",,,"14.6",",7","21.9",",,,7","7.2",",,,7"
"USC00013160","GAINESVILLE LOCK, AL US","2018-05","198.4",,"5.6",",7,02,+","34.4",",7,15,",,,"23.3",",7","30.4",",,,7","16.2",",,,7"
"USC00013160","GAINESVILLE LOCK, AL US","2018-06","425.1",,"16.7","2,7,02,","36.1",",7,29,+",,,"26.4","2,7","32.5",",,,7","20.2","2,,,7"
"USC00017999","SYLACAUGA 4 NE, AL US","2017-12","959.8","7","-8.3",",7,17,+","21.7",",7,24,+","676.9","7","6.5",",7","12.4",",,,7","0.7",",,,7"
"USC00017999","SYLACAUGA 4 NE, AL US","2018-01","0.0",,"-14.4",",7,03,+","21.7",",7,12,","1164.6",,"2.6",",7","10.0",",,,7","-4.8",",,,7"
"USC00017999","SYLACAUGA 4 NE, AL US","2018-02","12.8",,"-6.7",",7,01,","27.2",",7,24,","1334.1",,"12.7",",7","18.6",",,,7","6.9",",,,7"
"USC00017999","SYLACAUGA 4 NE, AL US","2018-03","15.3",,"-5.0",",7,16,+","26.7",",7,29,","1560.8",,"11.1",",7","18.6",",,,7","3.6",",,,7"
"USC00017999","SYLACAUGA 4 NE, AL US","2018-04","17.0",,"-0.6",",7,07,+","27.8",",7,19,+","1708.7",,"13.5",",7","21.7",",,,7","5.2",",,,7"
"USC00017999","SYLACAUGA 4 NE, AL US","2018-05","152.4",,"2.8",",7,01,","33.3",",7,15,","1712.8",,"22.6",",7","29.1",",,,7","16.0",",,,7"
"USC00017999","SYLACAUGA 4 NE, AL US","2018-06","384.7",,"13.9",",7,06,","35.0",",7,21,+","1712.8",,"26.1",",7","32.7",",,,7","19.5",",,,7"
"USW00053843","ANDALUSIA OPP AIRPORT, AL US","2017-12","1762.8","W","-1.6",",W,10,","27.2",",W,05,","300.1","W","12.3",",W","17.7",",,,W","7.0",",,,W"
"USW00053843","ANDALUSIA OPP AIRPORT, AL US","2018-01","3.9",,"-6.6",",W,18,","25.6",",W,11,","605.4",,"8.6",",W","15.1",",,,W","2.2",",,,W"
"USW00053843","ANDALUSIA OPP AIRPORT, AL US","2018-02","63.4",,"0.0",",W,03,","31.1",",W,22,","652.3",,"18.8",",W","24.6",",,,W","13.0",",,,W"
"USW00053843","ANDALUSIA OPP AIRPORT, AL US","2018-03","93.7",,"0.0",",W,15,+","30.0",",W,01,","750.1",,"16.1",",W","23.2",",,,W","9.1",",,,W"
"USW00053843","ANDALUSIA OPP AIRPORT, AL US","2018-04","136.1",,"4.4",",W,16,","31.7",",W,18,","773.7",,"19.0",",W","26.5",",,,W","11.4",",,,W"
"USW00053843","ANDALUSIA OPP AIRPORT, AL US","2018-05","363.5",,"14.4","3,W,01,","37.2","3,W,13,","773.7",,"26.5","3,W","33.1","3,,,W","19.8","3,,,W"
"USW00053843","ANDALUSIA OPP AIRPORT, AL US","2018-06","682.0",,"19.4",",W,05,","37.8",",W,26,","773.7",,"28.9",",W","34.7",",,,W","23.2",",,,W"
"USC00012730","EUFAULA WILDLIFE REF, AL US","2017-12",,,"-3.3","2,7,29,+","25.6","2,7,05,",,,"10.8","2,7","19.3","2,,,7","2.3","2,,,7"
"USC00012730","EUFAULA WILDLIFE REF, AL US","2018-01","0.0",,"-8.3","4,7,02,","23.9","4,7,15,",,,"6.3","4,7","14.4","4,,,7","-1.8","4,,,7"
"USC00012730","EUFAULA WILDLIFE REF, AL US","2018-02","33.0",,"-3.3",",7,04,","29.4",",7,24,",,,"16.4",",7","23.4",",,,7","9.5",",,,7"
"USC00012730","EUFAULA WILDLIFE REF, AL US","2018-03","41.3",,"-0.6","1,7,08,","28.3",",7,29,",,,"14.5","1,7","22.6",",,,7","6.4","1,,,7"
"USC00012730","EUFAULA WILDLIFE REF, AL US","2018-04","52.5",,"2.2",",7,06,+","30.6",",7,24,+",,,"17.0",",7","27.2",",,,7","6.8",",,,7"
"USC00012730","EUFAULA WILDLIFE REF, AL US","2018-05","222.5",,"11.7",",7,15,","36.1",",7,13,",,,"23.8",",7","31.5",",,,7","16.2",",,,7"
"USC00012730","EUFAULA WILDLIFE REF, AL US","2018-06","489.0",,"17.2",",7,30,+","37.2",",7,28,+",,,"27.2",",7","33.9",",,,7","20.5",",,,7"
"USW00063895","RUSSELLVILLE 4 SSE, AL US","2017-12","788.5","R","-9.3",",R,31,","20.9",",R,23,","771.3","R","5.2",",R","10.9",",,,R","-0.6",",,,R"
"USW00063895","RUSSELLVILLE 4 SSE, AL US","2018-01","0.0",,"-15.7",",R,17,","20.7",",R,21,","1270.8",,"2.2",",R","8.6",",,,R","-4.2",",,,R"
"USW00063895","RUSSELLVILLE 4 SSE, AL US","2018-02","12.3",,"-5.5",",R,02,","26.4",",R,21,","1470.1",,"11.6",",R","17.1",",,,R","6.2",",,,R"
"USW00063895","RUSSELLVILLE 4 SSE, AL US","2018-03","13.6",,"-4.8",",R,09,","25.7",",R,17,","1721.0",,"10.3",",R","16.6",",,,R","4.0",",,,R"
"USW00063895","RUSSELLVILLE 4 SSE, AL US","2018-04","17.7",,"-3.2",",R,08,","28.0",",R,03,","1885.3",,"13.0",",R","19.9",",,,R","6.1",",,,R"
"USW00063895","RUSSELLVILLE 4 SSE, AL US","2018-05","141.5",,"7.1",",R,01,","31.5",",R,15,","1888.3",,"22.2",",R","28.4",",,,R","16.0",",,,R"
"USW00063895","RUSSELLVILLE 4 SSE, AL US","2018-06","328.8",,"11.6",",R,06,","33.7",",R,16,","1888.3",,"24.6",",R","30.6",",,,R","18.5",",,,R"
"USW00063896","SCOTTSBORO 2 NE, AL US","2017-12","855.8","R","-7.6",",R,31,","20.1",",R,23,","729.5","R","5.5",",R","11.0",",,,R","0.1",",,,R"
"USW00063896","SCOTTSBORO 2 NE, AL US","2018-01","0.0",,"-14.3",",R,17,","20.6",",R,21,","1231.9",,"2.1",",R","8.6",",,,R","-4.4",",,,R"
"USW00063896","SCOTTSBORO 2 NE, AL US","2018-02","11.0",,"-5.7",",R,02,","28.0",",R,21,","1425.1",,"11.8",",R","17.2",",,,R","6.4",",,,R"
"USW00063896","SCOTTSBORO 2 NE, AL US","2018-03","11.5",,"-4.5",",R,09,","24.6",",R,17,","1680.0",,"10.1",",R","16.3",",,,R","3.9",",,,R"
"USW00063896","SCOTTSBORO 2 NE, AL US","2018-04","13.0",,"-1.4",",R,08,","28.0",",R,03,","1830.0",,"13.4",",R","20.5",",,,R","6.3",",,,R"
"USW00063896","SCOTTSBORO 2 NE, AL US","2018-05","144.0",,"6.3",",R,01,","31.9",",R,24,+","1831.4",,"22.5",",R","29.1",",,,R","16.0",",,,R"
"USW00063896","SCOTTSBORO 2 NE, AL US","2018-06","341.1",,"12.5",",R,06,","33.0",",R,16,","1831.4",,"24.9",",R","30.9",",,,R","18.9",",,,R"
"USW00063893","GREENSBORO 2 WNW, AL US","2017-12","1142.2","R","-4.9","4,R,16,","24.1","4,R,05,","501.0","R","8.4","4,R","13.4","4,,,R","3.4","4,,,R"
"USW00063893","GREENSBORO 2 WNW, AL US","2018-01","1.2",,"-12.7",",R,17,","22.8",",R,11,","907.7",,"5.3",",R","11.2",",,,R","-0.7",",,,R"
"USW00063893","GREENSBORO 2 WNW, AL US","2018-02","28.6",,"-2.6",",R,03,","28.2",",R,21,","1033.9",,"14.8",",R","20.1",",,,R","9.5",",,,R"
"USW00063893","GREENSBORO 2 WNW, AL US","2018-03","40.4",,"-2.4",",R,15,","27.2",",R,17,","1206.4",,"13.1",",R","19.6",",,,R","6.7",",,,R"
"USW00063893","GREENSBORO 2 WNW, AL US","2018-04","48.2",,"1.0",",R,05,","28.3",",R,03,","1310.5",,"15.1",",R","22.1",",,,R","8.2",",,,R"
"USW00063893","GREENSBORO 2 WNW, AL US","2018-05","205.2",,"11.3",",R,07,","33.5",",R,14,","1310.5",,"23.4",",R","29.7",",,,R","17.1",",,,R"
"USW00063893","GREENSBORO 2 WNW, AL US","2018-06","449.1",,"15.5",",R,06,","34.4",",R,30,+","1310.5",,"26.5",",R","32.0",",,,R","20.9",",,,R"
"USW00063894","MUSCLE SHOALS 2 N, AL US","2017-12","910.4","R","-9.3","2,R,31,","21.2","2,R,23,","687.8","R","5.8","2,R","11.4","2,,,R","0.1","2,,,R"
"USW00063894","MUSCLE SHOALS 2 N, AL US","2018-01","0.0",,"-14.9","2,R,17,","20.6","2,R,21,","1139.6",,"2.8","2,R","8.7","2,,,R","-3.2","2,,,R"
"USW00063894","MUSCLE SHOALS 2 N, AL US","2018-02","8.2",,"-5.5","2,R,02,","26.1","2,R,21,","1333.0",,"11.2","2,R","16.5","2,,,R","5.9","2,,,R"
"USW00063894","MUSCLE SHOALS 2 N, AL US","2018-03","10.5",,"-3.5",",R,09,","25.6",",R,17,","1574.6",,"10.6",",R","16.2",",,,R","5.0",",,,R"
"USW00063894","MUSCLE SHOALS 2 N, AL US","2018-04","14.4",,"-0.7",",R,08,","27.7",",R,03,","1731.8",,"13.2",",R","19.5",",,,R","6.9",",,,R"
"USW00063894","MUSCLE SHOALS 2 N, AL US","2018-05","164.4",,"7.5",",R,01,","33.4",",R,15,","1733.2",,"23.1",",R","29.6",",,,R","16.7",",,,R"
"USW00063894","MUSCLE SHOALS 2 N, AL US","2018-06","375.4",,"13.8",",R,06,+","33.7",",R,16,","1733.2",,"25.4",",R","31.2",",,,R","19.5",",,,R"
"USW00063891","CLANTON 2 NE, AL US","2017-12",,,"-5.3","1,R,16,+","23.4","1,R,20,",,,"7.6","1,R","12.6","1,,,R","2.6","1,,,R"
"USW00063891","CLANTON 2 NE, AL US","2018-01","0.8",,"-12.3",",R,17,","23.0",",R,11,",,,"4.6",",R","10.5",",,,R","-1.4",",,,R"
"USW00063891","CLANTON 2 NE, AL US","2018-02","13.2",,"-1.4",",R,03,","27.5",",R,21,",,,"14.3",",R","19.8",",,,R","8.8",",,,R"
"USW00063891","CLANTON 2 NE, AL US","2018-03","19.9",,"-2.0",",R,09,","26.5",",R,28,",,,"12.6",",R","19.0",",,,R","6.1",",,,R"
"USW00063891","CLANTON 2 NE, AL US","2018-04","27.4",,"0.8",",R,05,","28.0",",R,03,",,,"15.0",",R","22.1",",,,R","7.8",",,,R"
"USW00063891","CLANTON 2 NE, AL US","2018-05","165.8",,"9.2",",R,01,","33.0",",R,14,",,,"22.8",",R","28.9",",,,R","16.7",",,,R"
"USW00063891","CLANTON 2 NE, AL US","2018-06","393.7",,"15.6",",R,06,","34.4",",R,28,",,,"25.9",",R","31.5",",,,R","20.3",",,,R"
"USW00063892","GAINESVILLE 2 NE, AL US","2017-12",,,"-4.7",",R,31,+","24.7",",R,20,",,,"7.7",",R","12.7",",,,R","2.6",",,,R"
"USW00063892","GAINESVILLE 2 NE, AL US","2018-01","0.0",,"-12.3","3,R,17,","22.5","3,R,21,",,,"4.6","3,R","10.8","3,,,R","-1.7","3,,,R"
"USW00063892","GAINESVILLE 2 NE, AL US","2018-04",,,"1.1","2,R,08,","29.1","2,R,03,",,,"15.3","2,R","22.0","2,,,R","8.5","2,,,R"
"USW00063892","GAINESVILLE 2 NE, AL US","2018-05",,,"10.3",",R,01,","33.6",",R,14,",,,"23.8",",R","30.0",",,,R","17.6",",,,R"
"USW00063892","GAINESVILLE 2 NE, AL US","2018-06",,,"17.5",",R,04,","36.0",",R,28,",,,"26.8",",R","32.2",",,,R","21.4",",,,R"
"USW00053852","DECATUR PRYOR FIELD, AL US","2017-12",,,"-8.8",",W,31,","20.6",",W,23,+","732.7","W","5.3",",W","11.2",",,,W","-0.6",",,,W"
"USW00053852","DECATUR PRYOR FIELD, AL US","2018-01","0.0",,"-14.3",",W,17,+","20.6",",W,21,+","1230.3",,"2.3",",W","8.6",",,,W","-4.1",",,,W"
"USW00053852","DECATUR PRYOR FIELD, AL US","2018-02","13.6",,"-5.5",",W,02,","27.2",",W,21,","1426.8",,"11.8",",W","17.1",",,,W","6.5",",,,W"
"USW00053852","DECATUR PRYOR FIELD, AL US","2018-03","15.3",,"-4.3",",W,09,","26.1",",W,17,","1667.7",,"10.6",",W","16.4",",,,W","4.8",",,,W"
"USW00053852","DECATUR PRYOR FIELD, AL US","2018-04","20.8",,"-2.1",",W,08,","28.3",",W,03,","1820.7",,"13.4",",W","20.3",",,,W","6.5",",,,W"
"USW00053852","DECATUR PRYOR FIELD, AL US","2018-05","179.9",,"7.8",",D,01,","33.9",",D,20,+","1820.7",,"23.5",",D","29.9",",,,D","17.0",",,,D"
"USW00053852","DECATUR PRYOR FIELD, AL US","2018-06","382.4",,"7.8","2,W,04,","33.9","2,W,30,+","1820.7",,"25.6","2,W","31.8","2,,,W","19.4","2,,,W"
"USW00013839","DOTHAN REGIONAL AIRPORT, AL US","2017-12","1483.5","W","-1.6",",W,10,","26.7",",W,23,+","344.1","W","11.6",",W","16.9",",,,W","6.4",",,,W"
"USW00013839","DOTHAN REGIONAL AIRPORT, AL US","2018-01","1.7",,"-7.1",",W,18,","23.9",",W,11,","665.0",,"8.0",",W","14.3",",,,W","1.8",",,,W"
"USW00013839","DOTHAN REGIONAL AIRPORT, AL US","2018-02","41.4",,"0.0",",W,03,","29.4",",W,21,","725.0",,"17.6",",W","23.1",",,,W","12.1",",,,W"
"USW00013839","DOTHAN REGIONAL AIRPORT, AL US","2018-03","60.1",,"-0.5",",W,15,","28.3",",W,01,","849.4",,"14.9",",W","21.5",",,,W","8.4",",,,W"
"USW00013839","DOTHAN REGIONAL AIRPORT, AL US","2018-04","92.5",,"4.4",",W,16,+","29.4",",W,18,+","887.2",,"18.1",",W","25.2",",,,W","11.1",",,,W"
"USW00013839","DOTHAN REGIONAL AIRPORT, AL US","2018-05","303.8",,"14.4",",D,01,","35.6",",D,13,+","887.2",,"25.1",",D","30.9",",,,D","19.4",",,,D"
"USW00013839","DOTHAN REGIONAL AIRPORT, AL US","2018-06","590.5",,"19.4",",W,05,","36.1",",W,25,","887.2",,"27.9",",W","33.3",",,,W","22.5",",,,W"
"USW00013838","MOBILE DOWNTOWN AIRPORT, AL US","2017-12","1639.7","W","-0.5",",W,10,","26.1",",W,05,","308.3","W","12.2",",W","16.9",",,,W","7.4",",,,W"
"USW00013838","MOBILE DOWNTOWN AIRPORT, AL US","2018-01","0.0",,"-6.6",",W,18,+","21.1",",W,11,","613.6",,"8.5",",W","14.1",",,,W","2.9",",,,W"
"USW00013838","MOBILE DOWNTOWN AIRPORT, AL US","2018-02","45.1",,"3.9",",W,03,","28.3",",W,17,+","658.0",,"18.4",",W","22.7",",,,W","14.0",",,,W"
"USW00013838","MOBILE DOWNTOWN AIRPORT, AL US","2018-03","74.8",,"1.7",",W,15,","28.3",",W,19,+","739.5",,"16.7",",W","22.3",",,,W","11.0",",,,W"
"USW00013838","MOBILE DOWNTOWN AIRPORT, AL US","2018-04","117.7",,"5.6",",W,16,","28.3",",W,29,","769.1",,"18.8",",W","24.7",",,,W","12.9",",,,W"
"USW00013838","MOBILE DOWNTOWN AIRPORT, AL US","2018-05","333.2",,"14.4",",W,07,","36.7",",W,14,","769.1",,"25.3",",W","30.8",",,,W","19.8",",,,W"
"USW00013838","MOBILE DOWNTOWN AIRPORT, AL US","2018-06","630.0",,"20.0",",W,05,","36.1",",W,03,","769.1",,"28.2",",W","32.8",",,,W","23.7",",,,W"
"USC00010425","AUBURN NUMBER 2, AL US","2017-12","1113.7","7","-3.3",",7,14,+","22.8",",7,05,","519.7","7","8.6",",7","13.1",",,,7","4.1",",,,7"
"USC00010425","AUBURN NUMBER 2, AL US","2018-01","0.0",,"-10.0",",7,18,+","21.1",",7,11,","924.2",,"5.3",",7","10.8",",,,7","-0.2",",,,7"
"USC00010425","AUBURN NUMBER 2, AL US","2018-02","15.8",,"-2.2",",7,08,","27.8",",7,23,+","1033.2",,"15.0",",7","20.3",",,,7","9.7",",,,7"
"USC00010425","AUBURN NUMBER 2, AL US","2018-03","22.6",,"-1.7",",7,15,","26.7",",7,28,+","1206.7",,"12.9",",7","19.6",",,,7","6.3",",,,7"
"USC00010425","AUBURN NUMBER 2, AL US","2018-04","30.4",,"2.2",",7,16,","28.3",",7,05,+","1287.5",,"15.9",",7","22.6",",,,7","9.2",",,,7"
"USC00010425","AUBURN NUMBER 2, AL US","2018-05","183.6",,"9.4",",7,03,","32.8",",7,13,","1287.5",,"23.3",",7","28.6",",,,7","17.9",",,,7"
"USC00010425","AUBURN NUMBER 2, AL US","2018-06","402.5",,"17.2",",7,06,+","33.3",",7,28,+","1287.5",,"25.6",",7","30.6",",,,7","20.6",",,,7"
"USC00013931","HOPE HULL 3 S, AL US","2018-05",,,"5.6",",7,02,+","33.3",",7,15,+",,,"23.1",",7","30.0",",,,7","16.3",",,,7"
"USC00013931","HOPE HULL 3 S, AL US","2018-06",,,"16.1","3,7,06,+","35.6","3,7,29,",,,"26.1","3,7","32.3","3,,,7","19.9","3,,,7"
"USC00012172","DAUPHIN ISLAND NUMBER 2, AL US","2018-02",,,"6.7","2,7,03,","24.4","2,7,26,",,,"17.1","2,7","19.8","2,,,7","14.3","2,,,7"
"USC00012172","DAUPHIN ISLAND NUMBER 2, AL US","2018-03",,,"8.3","4,7,14,","25.0","4,7,02,+",,,"17.2","4,7","19.9","4,,,7","14.5","4,,,7"
"USC00012172","DAUPHIN ISLAND NUMBER 2, AL US","2018-04",,,"9.4","2,7,09,+","24.4","2,7,20,+",,,"18.5","2,7","21.8","2,,,7","15.2","2,,,7"
"USC00012172","DAUPHIN ISLAND NUMBER 2, AL US","2018-05",,,"17.8","2,7,06,","30.0","2,7,18,+",,,"25.3","2,7","27.7","2,,,7","22.9","2,,,7"
"USC00012172","DAUPHIN ISLAND NUMBER 2, AL US","2018-06",,,"22.2","4,7,06,+","31.7","4,7,29,+",,,"27.9","4,7","30.2","4,,,7","25.7","4,,,7"
"USC00015553","MONTGOMERY 6 SW, AL US","2017-12",,,"-2.8",",7,16,+","25.0",",7,05,",,,"10.3",",7","15.5",",,,7","5.1",",,,7"
"USC00015553","MONTGOMERY 6 SW, AL US","2018-01","2.8",,"-9.4",",7,17,","24.4",",7,11,",,,"7.9",",7","13.9",",,,7","1.9",",,,7"
"USC00015553","MONTGOMERY 6 SW, AL US","2018-02","59.9",,"1.7",",7,03,","30.6",",7,21,",,,"18.5",",7","23.6",",,,7","13.4",",,,7"
"USC00015553","MONTGOMERY 6 SW, AL US","2018-04",,,"5.6",",7,05,","30.6",",7,03,",,,"18.7",",7","25.3",",,,7","12.1",",,,7"
"USC00015553","MONTGOMERY 6 SW, AL US","2018-05",,,"8.3",",7,01,","35.0",",7,14,+",,,"25.5",",7","31.6",",,,7","19.5",",,,7"
"USC00015553","MONTGOMERY 6 SW, AL US","2018-06",,,"19.4",",7,05,","36.1",",7,28,+",,,"28.8",",7","34.2",",,,7","23.4",",,,7"
"USC00011080","BREWTON 3 ENE, AL US","2017-12",,,"0.0",",7,14,","25.0",",7,06,","498.5","7","10.3",",7","15.4",",,,7","5.2",",,,7"
"USC00011080","BREWTON 3 ENE, AL US","2018-01","0.0",,"-4.4",",7,19,","21.7",",7,12,","842.7",,"7.2",",7","12.0",",,,7","2.4",",,,7"
"USC00011080","BREWTON 3 ENE, AL US","2018-02","24.8",,"-1.1",",7,01,","28.9",",7,22,","930.6",,"16.1",",7","21.3",",,,7","10.8",",,,7"
"USC00011080","BREWTON 3 ENE, AL US","2018-03","41.0",,"-2.2",",7,16,","27.8",",7,02,","1073.6",,"14.2",",7","21.3",",,,7","7.1",",,,7"
"USC00011080","BREWTON 3 ENE, AL US","2018-04","49.3",,"2.8",",7,16,","28.3",",7,19,+","1152.8",,"16.0",",7","23.5",",,,7","8.4",",,,7"
"USC00011080","BREWTON 3 ENE, AL US","2018-05","199.7",,"6.7",",7,01,","33.3",",7,15,+","1153.9",,"23.1",",7","29.7",",,,7","16.6",",,,7"
"USC00011080","BREWTON 3 ENE, AL US","2018-06","430.0",,"17.2",",7,06,+","34.4",",7,27,","1153.9",,"26.0",",7","31.1",",,,7","20.9",",,,7"
"USC00018380","TUSCALOOSA ACFD, AL US","2017-12","1419.2","7","-3.9",",7,16,","24.4",",7,20,","485.8","7","8.4",",7","13.5",",,,7","3.4",",,,7"
"USC00018380","TUSCALOOSA ACFD, AL US","2018-01","1.1",,"-12.2",",7,17,","22.8",",7,11,","876.6",,"5.8",",7","12.0",",,,7","-0.5",",,,7"
"USC00018380","TUSCALOOSA ACFD, AL US","2018-02","30.1",,"-0.6",",7,08,+","28.9",",7,22,+","990.5",,"15.3",",7","20.9",",,,7","9.7",",,,7"
"USC00018380","TUSCALOOSA ACFD, AL US","2018-03","47.3",,"-1.1",",7,09,","27.8",",7,17,","1126.1",,"14.5",",7","21.1",",,,7","7.9",",,,7"
"USC00018380","TUSCALOOSA ACFD, AL US","2018-04","62.0",,"0.6","3,7,08,","30.6","3,7,03,","1183.7",,"16.7","3,7","24.2","3,,,7","9.3","3,,,7"
"USC00018380","TUSCALOOSA ACFD, AL US","2018-05","266.8",,"11.7","1,7,01,","35.0","1,7,15,+","1183.7",,"25.2","1,7","31.6","1,,,7","18.8","1,,,7"
"USC00018380","TUSCALOOSA ACFD, AL US","2018-06","561.4",,"17.8",",7,06,","36.7",",7,30,+","1183.7",,"28.1",",7","34.1",",,,7","22.3",",,,7"
"USC00010655","BELLE MINA, AL US","2017-12","830.3","7","-7.8",",7,29,","20.6",",7,23,","758.4","7","5.3",",7","11.3",",,,7","-0.6",",,,7"
"USC00010655","BELLE MINA, AL US","2018-01","0.0",,"-14.4",",7,17,+","20.0",",7,22,+","1282.2",,"1.4",",7","7.5",",,,7","-4.6",",,,7"
"USC00010655","BELLE MINA, AL US","2018-02","7.6",,"-5.6",",7,03,","26.1",",7,22,","1521.7",,"10.1",",7","16.1",",,,7","4.0",",,,7"
"USC00010655","BELLE MINA, AL US","2018-03","7.6",,"-3.9",",7,10,+","25.0",",7,18,","1794.9",,"9.5",",7","15.5",",,,7","3.5",",,,7"
"USC00010655","BELLE MINA, AL US","2018-04","9.0",,"-1.7",",7,09,+","26.7",",7,04,","1992.6",,"11.8",",7","18.5",",,,7","5.1",",,,7"
"USC00010655","BELLE MINA, AL US","2018-05","149.6",,"4.4",",7,01,","32.8",",7,15,","1997.9",,"22.7",",7","28.7",",,,7","16.7",",,,7"
"USC00010655","BELLE MINA, AL US","2018-06","356.8",,"14.4",",7,06,+","33.9",",7,20,","1997.9",,"25.2",",7","31.2",",,,7","19.3",",,,7"
"USC00011620","CHILDERSBURG WATER PLANT, AL US","2017-12",,,"-6.7",",7,16,","24.4",",7,20,","529.7","7","8.5",",7","14.1",",,,7","3.0",",,,7"
"USC00011620","CHILDERSBURG WATER PLANT, AL US","2018-01","1.4",,"-12.8",",7,17,","23.9",",7,11,","938.4",,"5.2",",7","12.3",",,,7","-1.9",",,,7"
"USC00011620","CHILDERSBURG WATER PLANT, AL US","2018-02","17.9",,"-1.1",",7,09,+","28.9","1,7,21,","1072.3",,"13.8","1,7","19.7","1,,,7","7.9",",,,7"
"USC00011620","CHILDERSBURG WATER PLANT, AL US","2018-03","25.4",,"-3.9",",7,08,","27.8",",7,29,","1263.6",,"12.4",",7","19.6",",,,7","5.2",",,,7"
"USC00011620","CHILDERSBURG WATER PLANT, AL US","2018-04","42.9",,"1.1",",7,17,","29.4",",7,04,+","1329.7",,"16.7",",7","24.9",",,,7","8.5",",,,7"
"USC00011620","CHILDERSBURG WATER PLANT, AL US","2018-05","220.8",,"7.8",",7,01,","34.4",",7,14,","1329.7",,"24.1",",7","31.1",",,,7","17.1",",,,7"
"USC00011620","CHILDERSBURG WATER PLANT, AL US","2018-06","487.1",,"15.0",",7,06,","36.1",",7,27,","1329.7",,"27.2",",7","33.9",",,,7","20.6",",,,7"
"USC00018024","TALLADEGA, AL US","2017-12","963.2","7","-6.7",",7,16,","22.2",",7,21,","645.7","7","7.2",",7","13.1",",,,7","1.4",",,,7"
"USC00018024","TALLADEGA, AL US","2018-01","0.0",,"-12.8",",7,17,","21.7",",7,12,","1124.4",,"2.9",",7","9.8",",,,7","-4.0",",,,7"
"USC00018024","TALLADEGA, AL US","2018-02","10.1",,"-3.9",",7,01,","27.2",",7,24,+","1280.1",,"13.1",",7","19.0",",,,7","7.3",",,,7"
"USC00018024","TALLADEGA, AL US","2018-03","12.9",,"-4.4",",7,15,","26.7",",7,29,","1492.5",,"11.6",",7","18.9",",,,7","4.3",",,,7"
"USC00018024","TALLADEGA, AL US","2018-04","14.5",,"0.6",",7,18,+","28.3",",7,04,","1626.4",,"13.9",",7","21.9",",,,7","6.0",",,,7"
"USC00018024","TALLADEGA, AL US","2018-05","137.7",,"7.2","2,7,01,","33.3","1,7,15,","1628.1",,"22.7","3,7","29.8","1,,,7","15.5","2,,,7"
"USC00018024","TALLADEGA, AL US","2018-06","364.3",,"13.9",",7,06,","34.4",",7,29,+","1628.1",,"25.9",",7","32.3",",,,7","19.5",",,,7"
"USC00013251","GENEVA NUMBER 2, AL US","2017-12","1230.5","7","-4.4",",7,10,","25.6","1,7,08,+","415.1","7","10.9","1,7","18.5","1,,,7","3.4",",,,7"
"USC00013251","GENEVA NUMBER 2, AL US","2018-01","0.0",,"-8.3",",7,20,+","22.8",",7,12,","805.3",,"5.8",",7","12.5",",,,7","-1.0",",,,7"
"USC00013251","GENEVA NUMBER 2, AL US","2018-02","51.1",,"-3.9",",7,01,","28.3",",7,24,","858.6",,"18.3",",7","22.7",",,,7","13.8",",,,7"
"USC00013251","GENEVA NUMBER 2, AL US","2018-03","76.9",,"0.6","2,7,10,+","27.8",",7,03,","913.1",,"17.3","2,7","23.6",",,,7","10.9","2,,,7"
"USC00013251","GENEVA NUMBER 2, AL US","2018-04","86.4",,"2.2","1,7,07,+","28.9","1,7,19,","979.4",,"16.4","1,7","25.1","1,,,7","7.7","1,,,7"
"USC00013251","GENEVA NUMBER 2, AL US","2018-05","237.3",,"10.0","2,7,01,","34.4","1,7,13,","979.4",,"23.4","2,7","30.0","1,,,7","16.8","2,,,7"
"USC00013251","GENEVA NUMBER 2, AL US","2018-06","469.8",,"16.1","1,7,05,","35.6","1,7,29,","979.4",,"26.4","1,7","32.1","1,,,7","20.7","1,,,7"
"USR0000ABNS","BON SECOUR ALABAMA, AL US","2017-12",,,"1.1",",U,10,","26.7",",U,05,","235.1","U","13.3",",U","17.8",",,,U","8.8",",,,U"
"USR0000ABNS","BON SECOUR ALABAMA, AL US","2018-01","2.2",,"-5.0",",U,17,","23.3",",U,11,","504.5",,"9.7",",U","15.5",",,,U","3.9",",,,U"
"USR0000ABNS","BON SECOUR ALABAMA, AL US","2018-02","65.2",,"2.8",",U,03,","28.3",",U,22,+","543.2",,"19.2",",U","23.6",",,,U","14.8",",,,U"
"USR0000ABNS","BON SECOUR ALABAMA, AL US","2018-03","103.2",,"3.9",",U,15,","27.2",",U,25,+","598.2",,"17.8",",U","22.9",",,,U","12.7",",,,U"
"USR0000ABNS","BON SECOUR ALABAMA, AL US","2018-04","154.9",,"7.2",",U,16,","29.4",",U,29,","619.9",,"19.3",",U","25.1",",,,U","13.6",",,,U"
"USR0000ABNS","BON SECOUR ALABAMA, AL US","2018-05","389.3",,"15.6",",U,07,","33.3",",U,15,+","619.9",,"25.9",",U","31.3",",,,U","20.5",",,,U"
"USR0000ABNS","BON SECOUR ALABAMA, AL US","2018-06","691.1",,"21.1",",U,08,+","35.6",",U,25,","619.9",,"28.4",",U","33.0",",,,U","23.8",",,,U"
"USR0000ATAL","TALLADEGA ALABAMA, AL US","2017-12","1084.1","U","-6.1","1,U,16,+","23.3","1,U,20,","569.7","U","7.6","2,U","13.2","1,,,U","2.0","1,,,U"
"USR0000ATAL","TALLADEGA ALABAMA, AL US","2018-01","0.5",,"-12.8",",U,17,","23.3",",U,11,","1004.9",,"4.3",",U","11.1",",,,U","-2.5",",,,U"
"USR0000ATAL","TALLADEGA ALABAMA, AL US","2018-02","20.5",,"-1.7",",U,09,","28.3",",U,23,","1134.1",,"14.4",",U","20.1",",,,U","8.7",",,,U"
"USR0000ATAL","TALLADEGA ALABAMA, AL US","2018-03","28.3",,"-3.9",",U,09,","26.7",",U,28,+","1334.4",,"12.1",",U","19.3",",,,U","4.9",",,,U"
"USR0000ATAL","TALLADEGA ALABAMA, AL US","2018-04","36.6",,"1.1",",U,17,+","28.3",",U,18,+","1442.7",,"15.0",",U","22.9",",,,U","7.1",",,,U"
"USR0000ATAL","TALLADEGA ALABAMA, AL US","2018-05","203.2",,"8.3",",U,01,","34.4",",U,14,","1442.7",,"23.7",",U","30.8",",,,U","16.7",",,,U"
"USR0000ATAL","TALLADEGA ALABAMA, AL US","2018-06","443.5",,"14.4",",U,06,+","35.6",",U,26,+","1442.7",,"26.3",",U","33.0",",,,U","19.6",",,,U"
"USC00010764","BESSEMER 3 WSW, AL US","2017-12","1105.1","7","-5.0","1,7,16,","22.8","1,7,20,","564.7","7","7.7","1,7","12.7","1,,,7","2.7","1,,,7"
"USC00010764","BESSEMER 3 WSW, AL US","2018-01","0.9",,"-12.8",",7,17,","22.8",",7,11,","994.2",,"4.5",",7","10.4",",,,7","-1.4",",,,7"
"USC00010764","BESSEMER 3 WSW, AL US","2018-02","14.0",,"-3.3",",7,02,+","27.2",",7,21,","1138.3",,"13.6",",7","19.6",",,,7","7.7",",,,7"
"USC00010764","BESSEMER 3 WSW, AL US","2018-03","19.5",,"-2.2",",7,15,+","25.6",",7,28,+","1319.7",,"12.7",",7","19.3",",,,7","6.0",",,,7"
"USC00010764","BESSEMER 3 WSW, AL US","2018-04","25.1",,"0.6",",7,08,","27.8",",7,03,","1419.7",,"15.2",",7","22.8",",,,7","7.6",",,,7"
"USC00010764","BESSEMER 3 WSW, AL US","2018-05","190.7",,"9.4",",7,01,","34.4",",7,14,","1419.7",,"23.7",",7","30.1",",,,7","17.3",",,,7"
"USC00010764","BESSEMER 3 WSW, AL US","2018-06","425.1",,"15.6","1,7,06,","37.2","1,7,10,","1419.7",,"26.4","1,7","32.4","1,,,7","20.5","1,,,7"
"USC00010402","ATMORE, AL US","2017-12","1528.6","7","-1.7",",7,27,+","26.7",",7,06,","409.8","7","10.2",",7","15.6",",,,7","4.8",",,,7"
"USC00010402","ATMORE, AL US","2018-01","0.0",,"-10.6",",7,17,","22.8",",7,22,","775.0",,"6.6",",7","12.6",",,,7","0.5",",,,7"
"USC00010402","ATMORE, AL US","2018-02","47.8",,"-1.1",",7,01,","28.9",",7,25,+","857.5",,"17.1",",7","22.8",",,,7","11.4",",,,7"
"USC00010402","ATMORE, AL US","2018-03","76.2",,"0.0",",7,15,","28.9",",7,02,","981.5",,"15.3",",7","21.9",",,,7","8.6",",,,7"
"USC00010402","ATMORE, AL US","2018-04","103.4",,"3.3",",7,16,","29.4",",7,19,","1030.6",,"17.6",",7","25.1",",,,7","10.1",",,,7"
"USC00010402","ATMORE, AL US","2018-05","318.4",,"9.4",",7,01,","35.0",",7,14,+","1030.6",,"25.3",",7","31.9",",,,7","18.6",",,,7"
"USC00010402","ATMORE, AL US","2018-06","608.7",,"18.9",",7,05,","36.1",",7,27,+","1030.6",,"28.0",",7","33.3",",,,7","22.7",",,,7"
"USC00016196","OWENS CROSS ROADS 3 S, AL US","2017-12","792.2","7","-7.8",",7,29,","20.6",",7,24,+","744.0","7","5.7",",7","11.9",",,,7","-0.4",",,,7"
"USC00016196","OWENS CROSS ROADS 3 S, AL US","2018-01","0.0",,"-15.6",",7,17,","21.1",",7,22,","1267.9",,"1.4",",7","8.0",",,,7","-5.1",",,,7"
"USC00016196","OWENS CROSS ROADS 3 S, AL US","2018-02","9.9",,"-6.1",",7,01,","27.2",",7,22,","1491.8",,"10.7",",7","16.9",",,,7","4.5",",,,7"
"USC00016196","OWENS CROSS ROADS 3 S, AL US","2018-03","9.9",,"-3.9",",7,16,+","25.0",",7,18,","1761.5",,"9.6",",7","15.9",",,,7","3.3",",,,7"
"USC00016196","OWENS CROSS ROADS 3 S, AL US","2018-04","11.6",,"-2.2",",7,08,","27.2",",7,04,","1955.5",,"11.9",",7","19.0",",,,7","4.9",",,,7"
"USC00016196","OWENS CROSS ROADS 3 S, AL US","2018-05","136.6",,"2.8",",7,01,","32.2",",7,25,+","1963.8",,"22.1",",7","28.4",",,,7","15.8",",,,7"
"USC00016196","OWENS CROSS ROADS 3 S, AL US","2018-06","328.1",,"12.8",",7,06,","33.3",",7,20,+","1963.8",,"24.7",",7","30.7",",,,7","18.7",",,,7"
"USC00017157","SAINT BERNARD, AL US","2018-02",,,"-5.0",",7,02,","26.7",",7,21,",,,"11.8",",7","17.1",",,,7","6.4",",,,7"
"USC00017157","SAINT BERNARD, AL US","2018-04",,,"-1.1",",7,08,","28.9",",7,03,",,,"14.5",",7","21.8",",,,7","7.2",",,,7"
"USC00017157","SAINT BERNARD, AL US","2018-05",,,"8.3","3,7,01,","32.8","2,7,26,+",,,"23.2","3,7","29.6","2,,,7","16.8","3,,,7"
"USC00017157","SAINT BERNARD, AL US","2018-06",,,"13.9","1,7,06,","35.0",",7,16,",,,"25.3","1,7","31.4",",,,7","19.2","1,,,7"
"USW00093806","TUSCALOOSA AIRPORT ASOS, AL US","2017-12","1241.5","W","-4.9",",W,31,+","24.4",",W,20,","541.2","W","7.9",",W","13.4",",,,W","2.4",",,,W"
"USW00093806","TUSCALOOSA AIRPORT ASOS, AL US","2018-01","1.4",,"-12.1",",W,17,","22.8",",W,21,+","943.9",,"5.4",",W","11.8",",,,W","-1.0",",,,W"
"USW00093806","TUSCALOOSA AIRPORT ASOS, AL US","2018-02","29.2",,"-1.6",",W,03,","28.3",",W,22,+","1071.6",,"14.8",",W","20.3",",,,W","9.2",",,,W"
"USW00093806","TUSCALOOSA AIRPORT ASOS, AL US","2018-03","44.0",,"-1.0",",W,15,+","27.8",",W,17,","1227.8",,"13.8",",W","20.3",",,,W","7.2",",,,W"
"USW00093806","TUSCALOOSA AIRPORT ASOS, AL US","2018-04","56.8",,"1.1",",W,08,","30.0",",W,03,","1307.9",,"16.1",",W","23.4",",,,W","8.8",",,,W"
"USW00093806","TUSCALOOSA AIRPORT ASOS, AL US","2018-05","252.2",,"10.6",",D,01,","35.6",",D,14,","1307.9",,"24.6",",D","31.3",",,,D","18.0",",,,D"
"USW00093806","TUSCALOOSA AIRPORT ASOS, AL US","2018-06","520.2",,"17.2","2,W,06,","36.7","1,W,30,+","1307.9",,"27.9","2,W","33.9","1,,,W","21.9","2,,,W"
"USC00016988","ROBERTSDALE, AL US","2017-12","1364.2","7","-1.7",",7,11,+","25.6",",7,23,+","370.2","7","11.6",",7","17.0",",,,7","6.2",",,,7"
"USC00016988","ROBERTSDALE, AL US","2018-01","0.0",,"-7.2",",7,19,+","22.2",",7,12,","707.0",,"7.5",",7","14.0",",,,7","0.9",",,,7"
"USC00016988","ROBERTSDALE, AL US","2018-02","42.9",,"0.0",",7,01,","27.2",",7,23,","776.3",,"17.4",",7","22.6",",,,7","12.2",",,,7"
"USC00016988","ROBERTSDALE, AL US","2018-03","61.0",,"0.0",",7,16,+","26.7",",7,02,+","892.9",,"15.1",",7","22.0",",,,7","8.3",",,,7"
"USC00016988","ROBERTSDALE, AL US","2018-04","73.5",,"3.3",",7,16,","28.9",",7,30,","948.1",,"16.9",",7","24.2",",,,7","9.6",",,,7"
"USC00016988","ROBERTSDALE, AL US","2018-05","255.2",,"10.0",",7,01,","35.0",",7,15,","948.1",,"24.2",",7","30.8",",,,7","17.6",",,,7"
"USC00016988","ROBERTSDALE, AL US","2018-06","512.8",,"18.9",",7,06,","33.9",",7,29,","948.1",,"26.9",",7","31.6",",,,7","22.2",",,,7"
"USC00012813","FAIRHOPE 2 NE, AL US","2017-12","1294.0","7","-2.2",",7,14,+","26.7",",7,06,","403.1","7","10.9",",7","16.9",",,,7","4.9",",,,7"
"USC00012813","FAIRHOPE 2 NE, AL US","2018-01","0.0",,"-10.0","1,7,18,+","22.8","1,7,23,+","750.7",,"6.8","1,7","14.0","1,,,7","-0.5","1,,,7"
"USC00012813","FAIRHOPE 2 NE, AL US","2018-02","35.9",,"-1.1",",7,03,","28.3",",7,23,","829.0",,"16.8",",7","23.1",",,,7","10.5",",,,7"
"USC00012813","FAIRHOPE 2 NE, AL US","2018-03","53.5",,"-1.1",",7,16,+","27.8",",7,01,","950.9",,"15.0",",7","22.2",",,,7","7.7",",,,7"
"USC00012813","FAIRHOPE 2 NE, AL US","2018-04","65.8",,"1.7",",7,16,","28.3",",7,30,","1021.0",,"16.4",",7","24.2",",,,7","8.6",",,,7"
"USC00012813","FAIRHOPE 2 NE, AL US","2018-05","232.0",,"10.0",",7,01,","35.0",",7,15,","1021.0",,"23.7",",7","30.9",",,,7","16.5",",,,7"
"USC00012813","FAIRHOPE 2 NE, AL US","2018-06","486.3",,"17.2",",7,06,","34.4",",7,29,+","1021.0",,"26.8",",7","32.3",",,,7","21.3",",,,7"
"USC00011725","CLAYTON, AL US","2017-12",,,"-3.3","4,7,11,+","25.0","4,7,06,",,,"10.7","4,7","15.8","4,,,7","5.7","4,,,7"
"USC00011725","CLAYTON, AL US","2018-01","0.0",,"-10.0","1,7,18,","22.8","1,7,12,+",,,"6.9","1,7","13.6","1,,,7","0.1","1,,,7"
"USC00011725","CLAYTON, AL US","2018-02","31.1",,"-1.1",",7,03,","28.3",",7,24,+",,,"16.0",",7","21.4",",,,7","10.7",",,,7"
"USC00011725","CLAYTON, AL US","2018-03","42.5",,"-0.6",",7,10,+","27.8",",7,26,",,,"13.5",",7","20.3",",,,7","6.6",",,,7"
"USC00011725","CLAYTON, AL US","2018-04","58.9",,"2.8","3,7,17,+","28.3","3,7,19,",,,"16.3","3,7","22.8","3,,,7","9.8","3,,,7"
"USC00011725","CLAYTON, AL US","2018-05","226.2",,"11.7",",7,01,","34.4",",7,14,+",,,"23.7",",7","29.7",",,,7","17.7",",,,7"
"USC00011725","CLAYTON, AL US","2018-06","473.2",,"17.2",",7,05,","35.0",",7,29,+",,,"26.6",",7","32.3",",,,7","20.9",",,,7"
"USW00013829","FORT BENNING LAWSON FIELD, GA US","2018-01","0.0",,"-10.6","5,S,19,+","24.3","5,S,12,+",,,"5.9","5,S","14.8","5,,,S","-3.1","5,,,S"
"USW00013829","FORT BENNING LAWSON FIELD, GA US","2018-03",,,"-3.6","3,S,10,+","28.2","3,S,02,+",,,"12.9","3,S","22.5","3,,,S","3.3","3,,,S"
"USW00013829","FORT BENNING LAWSON FIELD, GA US","2018-06",,,"15.6","3,S,06,","35.4","3,S,21,+",,,"26.8","3,S","33.4","3,,,S","20.3","3,,,S"
"USC00017025","ROCK MILLS, AL US","2017-12",,,"-6.7",",7,16,+","21.1",",7,23,+",,,"7.6",",7","13.5",",,,7","1.6",",,,7"
"USC00017025","ROCK MILLS, AL US","2018-01","0.0",,"-12.8",",7,18,","20.0",",7,21,",,,"2.8",",7","9.8",",,,7","-4.2",",,,7"
"USC00017025","ROCK MILLS, AL US","2018-03",,,"-5.0","1,7,15,+","26.7","1,7,28,",,,"11.6","1,7","19.1","1,,,7","4.0","1,,,7"
"USC00017025","ROCK MILLS, AL US","2018-04",,,"-0.6",",7,17,","27.2",",7,18,+",,,"14.9",",7","22.9",",,,7","6.9",",,,7"
"USC00017025","ROCK MILLS, AL US","2018-05",,,"5.6",",7,01,","32.8",",7,14,+",,,"22.1",",7","29.0",",,,7","15.3",",,,7"
"USC00017025","ROCK MILLS, AL US","2018-06",,,"13.9",",7,06,+","33.3",",7,20,+",,,"25.1",",7","31.3",",,,7","18.9",",,,7"
