"STATION","NAME","DATE","TAVG","TAVG_ATTRIBUTES","TMAX","TMAX_ATTRIBUTES","TMIN","TMIN_ATTRIBUTES","TOBS","TOBS_ATTRIBUTES"
"USW00013764","GEORGETOWN SUSSEX CO AIRPORT, DE US","2017-12-01",,,"13.3",",,W","0.0",",,W",,
"USW00013764","GEORGETOWN SUSSEX CO AIRPORT, DE US","2017-12-02",,,"12.8",",,W","-1.0",",,W",,
"USW00013764","GEORGETOWN SUSSEX CO AIRPORT, DE US","2017-12-03",,,"13.9",",,W","0.6",",,W",,
"USW00013764","GEORGETOWN SUSSEX CO AIRPORT, DE US","2017-12-04",,,"13.3",",,W","-1.6",",,W",,
"USW00013764","GEORGETOWN SUSSEX CO AIRPORT, DE US","2017-12-05",,,"21.1",",,W","4.4",",,W",,
"USW00013764","GEORGETOWN SUSSEX CO AIRPORT, DE US","2017-12-06",,,"16.7",",,W","3.9",",,W",,
"USW00013764","GEORGETOWN SUSSEX CO AIRPORT, DE US","2017-12-07",,,"9.4",",,W","1.1",",,W",,
"USW00013764","GEORGETOWN SUSSEX CO AIRPORT, DE US","2017-12-08",,,"5.6",",,W","0.0",",,W",,
"USW00013764","GEORGETOWN SUSSEX CO AIRPORT, DE US","2017-12-09",,,"1.1",",,W","-0.5",",,W",,
"USW00013764","GEORGETOWN SUSSEX CO AIRPORT, DE US","2017-12-10",,,"4.4",",,W","-2.7",",,W",,
"USW00013764","GEORGETOWN SUSSEX CO AIRPORT, DE US","2017-12-11",,,"7.8",",,W","-2.1",",,W",,
"USW00013764","GEORGETOWN SUSSEX CO AIRPORT, DE US","2017-12-12",,,"10.0",",,W","-2.1",",,W",,
"USW00013764","GEORGETOWN SUSSEX CO AIRPORT, DE US","2017-12-13",,,"0.0",",,W","-4.9",",,W",,
"USW00013764","GEORGETOWN SUSSEX CO AIRPORT, DE US","2017-12-14",,,"7.2",",,W","-4.3",",,W",,
"USW00013764","GEORGETOWN SUSSEX CO AIRPORT, DE US","2017-12-15",,,"1.7",",,W","-5.5",",,W",,
"USW00013764","GEORGETOWN SUSSEX CO AIRPORT, DE US","2017-12-16",,,"7.2",",,W","-6.0",",,W",,
"USW00013764","GEORGETOWN SUSSEX CO AIRPORT, DE US","2017-12-17",,,"10.0",",,W","-3.2",",,W",,
"USW00013764","GEORGETOWN SUSSEX CO AIRPORT, DE US","2017-12-18",,,"12.8",",,W","4.4",",,W",,
"USW00013764","GEORGETOWN SUSSEX CO AIRPORT, DE US","2017-12-19",,,"16.1",",,W","1.1",",,W",,
"USW00013764","GEORGETOWN SUSSEX CO AIRPORT, DE US","2017-12-20",,,"11.7",",,W","-2.1",",,W",,
"USW00013764","GEORGETOWN SUSSEX CO AIRPORT, DE US","2017-12-21",,,"7.2",",,W","-3.2",",,W",,
"USW00013764","GEORGETOWN SUSSEX CO AIRPORT, DE US","2017-12-22",,,"15.6",",,W","-3.2",",,W",,
"USW00013764","GEORGETOWN SUSSEX CO AIRPORT, DE US","2017-12-23",,,"18.9",",,W","8.3",",,W",,
"USW00013764","GEORGETOWN SUSSEX CO AIRPORT, DE US","2017-12-24",,,"9.4",",,W","5.0",",,W",,
"USW00013764","GEORGETOWN SUSSEX CO AIRPORT, DE US","2017-12-25",,,"6.1",",,W","0.0",",,W",,
"USW00013764","GEORGETOWN SUSSEX CO AIRPORT, DE US","2017-12-26",,,"3.3",",,W","-3.2",",,W",,
"USW00013764","GEORGETOWN SUSSEX CO AIRPORT, DE US","2017-12-27",,,"-0.5",",,W","-6.6",",,W",,
"USW00013764","GEORGETOWN SUSSEX CO AIRPORT, DE US","2017-12-28",,,"-3.8",",,W","-12.1",",,W",,
"USW00013764","GEORGETOWN SUSSEX CO AIRPORT, DE US","2017-12-29",,,"-0.5",",,W","-12.1",",,W",,
"USW00013764","GEORGETOWN SUSSEX CO AIRPORT, DE US","2017-12-30",,,"-1.0",",,W","-8.8",",,W",,
"USW00013764","GEORGETOWN SUSSEX CO AIRPORT, DE US","2017-12-31",,,"-3.8",",,W","-11.0",",,W",,
"USW00013764","GEORGETOWN SUSSEX CO AIRPORT, DE US","2018-01-01",,,"-4.9",",,W","-12.7",",,W",,
"USW00013764","GEORGETOWN SUSSEX CO AIRPORT, DE US","2018-01-02",,,"-3.2",",,W","-11.6",",,W",,
"USW00013764","GEORGETOWN SUSSEX CO AIRPORT, DE US","2018-01-03",,,"2.2",",,W","-14.9",",,W",,
"USW00013764","GEORGETOWN SUSSEX CO AIRPORT, DE US","2018-01-04",,,"-1.0",",,W","-8.2",",,W",,
"USW00013764","GEORGETOWN SUSSEX CO AIRPORT, DE US","2018-01-05",,,"-7.1",",,W","-11.0",",,W",,
"USW00013764","GEORGETOWN SUSSEX CO AIRPORT, DE US","2018-01-06",,,"-7.7",",,W","-12.7",",,W",,
"USW00013764","GEORGETOWN SUSSEX CO AIRPORT, DE US","2018-01-07",,,"-7.7",",,W","-17.7",",,W",,
"USW00013764","GEORGETOWN SUSSEX CO AIRPORT, DE US","2018-01-08",,,"3.3",",,W","-13.2",",,W",,
"USW00013764","GEORGETOWN SUSSEX CO AIRPORT, DE US","2018-01-09",,,"8.3",",,W","-2.7",",,W",,
"USW00013764","GEORGETOWN SUSSEX CO AIRPORT, DE US","2018-01-10",,,"9.4",",,W","-4.3",",,W",,
"USW00013764","GEORGETOWN SUSSEX CO AIRPORT, DE US","2018-01-11",,,"18.9",",,W","3.3",",,W",,
"USW00013764","GEORGETOWN SUSSEX CO AIRPORT, DE US","2018-01-12",,,"20.0",",,W","13.9",",,W",,
"USW00013764","GEORGETOWN SUSSEX CO AIRPORT, DE US","2018-01-13",,,"17.2",",,W","-3.2",",,W",,
"USW00013764","GEORGETOWN SUSSEX CO AIRPORT, DE US","2018-01-14",,,"-2.7",",,W","-8.8",",,W",,
"USW00013764","GEORGETOWN SUSSEX CO AIRPORT, DE US","2018-01-15",,,"1.1",",,W","-9.3",",,W",,
"USW00013764","GEORGETOWN SUSSEX CO AIRPORT, DE US","2018-01-16",,,"8.3",",,W","-3.2",",,W",,
"USW00013764","GEORGETOWN SUSSEX CO AIRPORT, DE US","2018-01-17",,,"3.9",",,W","-4.3",",,W",,
"USW00013764","GEORGETOWN SUSSEX CO AIRPORT, DE US","2018-01-18",,,"3.3",",,W","-6.6",",,W",,
"USW00013764","GEORGETOWN SUSSEX CO AIRPORT, DE US","2018-01-19",,,"10.6",",,W","-6.6",",,W",,
"USW00013764","GEORGETOWN SUSSEX CO AIRPORT, DE US","2018-01-20",,,"14.4",",,W","-2.1",",,W",,
"USW00013764","GEORGETOWN SUSSEX CO AIRPORT, DE US","2018-01-21",,,"15.0",",,W","-2.7",",,W",,
"USW00013764","GEORGETOWN SUSSEX CO AIRPORT, DE US","2018-01-22",,,"20.0",",,W","8.9",",,W",,
"USW00013764","GEORGETOWN SUSSEX CO AIRPORT, DE US","2018-01-23",,,"20.6",",,W","8.3",",,W",,
"USW00013764","GEORGETOWN SUSSEX CO AIRPORT, DE US","2018-01-24",,,"8.3",",,W","2.2",",,W",,
"USW00013764","GEORGETOWN SUSSEX CO AIRPORT, DE US","2018-01-25",,,"4.4",",,W","-4.3",",,W",,
"USW00013764","GEORGETOWN SUSSEX CO AIRPORT, DE US","2018-01-26",,,"7.8",",,W","-6.6",",,W",,
"USW00013764","GEORGETOWN SUSSEX CO AIRPORT, DE US","2018-01-27",,,"18.3",",,W","1.1",",,W",,
"USW00013764","GEORGETOWN SUSSEX CO AIRPORT, DE US","2018-01-28",,,"14.4",",,W","8.3",",,W",,
"USW00013764","GEORGETOWN SUSSEX CO AIRPORT, DE US","2018-01-29",,,"8.3",",,W","2.8",",,W",,
"USW00013764","GEORGETOWN SUSSEX CO AIRPORT, DE US","2018-01-30",,,"2.8",",,W","-3.8",",,W",,
"USW00013764","GEORGETOWN SUSSEX CO AIRPORT, DE US","2018-01-31",,,"2.2",",,W","-6.6",",,W",,
"USW00013764","GEORGETOWN SUSSEX CO AIRPORT, DE US","2018-02-01",,,"12.8",",,W","1.1",",,W",,
"USW00013764","GEORGETOWN SUSSEX CO AIRPORT, DE US","2018-02-02",,,"13.3",",,W","-5.5",",,W",,
"USW00013764","GEORGETOWN SUSSEX CO AIRPORT, DE US","2018-02-03",,,"1.1",",,W","-9.9",",,W",,
"USW00013764","GEORGETOWN SUSSEX CO AIRPORT, DE US","2018-02-04",,,"12.2",",,W","-2.1",",,W",,
"USW00013764","GEORGETOWN SUSSEX CO AIRPORT, DE US","2018-02-05",,,"4.4",",,W","-5.5",",,W",,
"USW00013764","GEORGETOWN SUSSEX CO AIRPORT, DE US","2018-02-06",,,"7.2",",,W","-5.5",",,W",,
"USW00013764","GEORGETOWN SUSSEX CO AIRPORT, DE US","2018-02-07",,,"15.6",",,W","-3.2",",,W",,
"USW00013764","GEORGETOWN SUSSEX CO AIRPORT, DE US","2018-02-08",,,"3.9",",,W","-4.3",",,W",,
"USW00013764","GEORGETOWN SUSSEX CO AIRPORT, DE US","2018-02-09",,,"6.7",",,W","-5.5",",,W",,
"USW00013764","GEORGETOWN SUSSEX CO AIRPORT, DE US","2018-02-10",,,"15.6",",,W","3.9",",,W",,
"USW00013764","GEORGETOWN SUSSEX CO AIRPORT, DE US","2018-02-11",,,"21.7",",,W","12.8",",,W",,
"USW00013764","GEORGETOWN SUSSEX CO AIRPORT, DE US","2018-02-12",,,"20.0",",,W","2.2",",,W",,
"USW00013764","GEORGETOWN SUSSEX CO AIRPORT, DE US","2018-02-13",,,"3.9",",,W","-1.6",",,W",,
"USW00013764","GEORGETOWN SUSSEX CO AIRPORT, DE US","2018-02-14",,,"11.1",",,W","2.2",",,W",,
"USW00013764","GEORGETOWN SUSSEX CO AIRPORT, DE US","2018-02-15",,,"20.0",",,W","10.0",",,W",,
"USW00013764","GEORGETOWN SUSSEX CO AIRPORT, DE US","2018-02-16",,,"20.0",",,W","6.7",",,W",,
"USW00013764","GEORGETOWN SUSSEX CO AIRPORT, DE US","2018-02-17",,,"6.7",",,W","-1.0",",,W",,
"USW00013764","GEORGETOWN SUSSEX CO AIRPORT, DE US","2018-02-18",,,"10.0",",,W","-0.5",",,W",,
"USW00013764","GEORGETOWN SUSSEX CO AIRPORT, DE US","2018-02-19",,,"15.6",",,W","-1.0",",,W",,
"USW00013764","GEORGETOWN SUSSEX CO AIRPORT, DE US","2018-02-20",,,"22.8",",,W","15.0",",,W",,
"USW00013764","GEORGETOWN SUSSEX CO AIRPORT, DE US","2018-02-21",,,"25.0",",,W","17.8",",,W",,
"USW00013764","GEORGETOWN SUSSEX CO AIRPORT, DE US","2018-02-22",,,"20.0",",,W","4.4",",,W",,
"USW00013764","GEORGETOWN SUSSEX CO AIRPORT, DE US","2018-02-23",,,"8.9",",,W","5.0",",,W",,
"USW00013764","GEORGETOWN SUSSEX CO AIRPORT, DE US","2018-02-24",,,"13.3",",,W","8.9",",,W",,
"USW00013764","GEORGETOWN SUSSEX CO AIRPORT, DE US","2018-02-25",,,"16.1",",,W","7.8",",,W",,
"USW00013764","GEORGETOWN SUSSEX CO AIRPORT, DE US","2018-02-26",,,"11.7",",,W","2.8",",,W",,
"USW00013764","GEORGETOWN SUSSEX CO AIRPORT, DE US","2018-02-27",,,"14.4",",,W","-0.5",",,W",,
"USW00013764","GEORGETOWN SUSSEX CO AIRPORT, DE US","2018-02-28",,,"16.7",",,W","2.8",",,W",,
"USW00013764","GEORGETOWN SUSSEX CO AIRPORT, DE US","2018-03-01",,,"13.9",",,W","7.2",",,W",,
"USW00013764","GEORGETOWN SUSSEX CO AIRPORT, DE US","2018-03-02",,,"12.2",",,W","1.7",",,W",,
"USW00013764","GEORGETOWN SUSSEX CO AIRPORT, DE US","2018-03-03",,,"11.1",",,W","3.9",",,W",,
"USW00013764","GEORGETOWN SUSSEX CO AIRPORT, DE US","2018-03-04",,,"10.0",",,W","1.7",",,W",,
"USW00013764","GEORGETOWN SUSSEX CO AIRPORT, DE US","2018-03-05",,,"8.3",",,W","-0.5",",,W",,
"USW00013764","GEORGETOWN SUSSEX CO AIRPORT, DE US","2018-03-06",,,"10.6",",,W","-3.2",",,W",,
"USW00013764","GEORGETOWN SUSSEX CO AIRPORT, DE US","2018-03-07",,,"6.7",",,W","2.2",",,W",,
"USW00013764","GEORGETOWN SUSSEX CO AIRPORT, DE US","2018-03-08",,,"6.7",",,W","1.1",",,W",,
"USW00013764","GEORGETOWN SUSSEX CO AIRPORT, DE US","2018-03-09",,,"7.8",",,W","-0.5",",,W",,
"USW00013764","GEORGETOWN SUSSEX CO AIRPORT, DE US","2018-03-10",,,"9.4",",,W","-3.2",",,W",,
"USW00013764","GEORGETOWN SUSSEX CO AIRPORT, DE US","2018-03-11",,,"10.0",",,W","-3.8",",,W",,
"USW00013764","GEORGETOWN SUSSEX CO AIRPORT, DE US","2018-03-12",,,"7.8",",,W","-1.6",",,W",,
"USW00013764","GEORGETOWN SUSSEX CO AIRPORT, DE US","2018-03-13",,,"7.8",",,W","-1.6",",,W",,
"USW00013764","GEORGETOWN SUSSEX CO AIRPORT, DE US","2018-03-14",,,"5.6",",,W","-0.5",",,W",,
"USW00013764","GEORGETOWN SUSSEX CO AIRPORT, DE US","2018-03-15",,,"10.0",",,W","-0.5",",,W",,
"USW00013764","GEORGETOWN SUSSEX CO AIRPORT, DE US","2018-03-16",,,"7.2",",,W","-1.6",",,W",,
"USW00013764","GEORGETOWN SUSSEX CO AIRPORT, DE US","2018-03-17",,,"7.8",",,W","-2.7",",,W",,
"USW00013764","GEORGETOWN SUSSEX CO AIRPORT, DE US","2018-03-18",,,"12.2",",,W","-1.0",",,W",,
"USW00013764","GEORGETOWN SUSSEX CO AIRPORT, DE US","2018-03-19",,,"13.9",",,W","0.0",",,W",,
"USW00013764","GEORGETOWN SUSSEX CO AIRPORT, DE US","2018-03-20",,,"6.1",",,W","1.7",",,W",,
"USW00013764","GEORGETOWN SUSSEX CO AIRPORT, DE US","2018-03-21",,,"3.9",",,W","0.6",",,W",,
"USW00013764","GEORGETOWN SUSSEX CO AIRPORT, DE US","2018-03-22",,,"8.3",",,W","1.1",",,W",,
"USW00013764","GEORGETOWN SUSSEX CO AIRPORT, DE US","2018-03-23",,,"9.4",",,W","1.7",",,W",,
"USW00013764","GEORGETOWN SUSSEX CO AIRPORT, DE US","2018-03-24",,,"11.1",",,W","0.0",",,W",,
"USW00013764","GEORGETOWN SUSSEX CO AIRPORT, DE US","2018-03-25",,,"10.0",",,W","-2.1",",,W",,
"USW00013764","GEORGETOWN SUSSEX CO AIRPORT, DE US","2018-03-26",,,"7.2",",,W","-2.1",",,W",,
"USW00013764","GEORGETOWN SUSSEX CO AIRPORT, DE US","2018-03-27",,,"8.3",",,W","-3.2",",,W",,
"USW00013764","GEORGETOWN SUSSEX CO AIRPORT, DE US","2018-03-28",,,"13.9",",,W","4.4",",,W",,
"USW00013764","GEORGETOWN SUSSEX CO AIRPORT, DE US","2018-03-29",,,"26.7",",,W","8.9",",,W",,
"USW00013764","GEORGETOWN SUSSEX CO AIRPORT, DE US","2018-03-30",,,"23.9",",,W","8.3",",,W",,
"USW00013764","GEORGETOWN SUSSEX CO AIRPORT, DE US","2018-03-31",,,"15.0",",,W","3.9",",,W",,
"USW00013764","GEORGETOWN SUSSEX CO AIRPORT, DE US","2018-04-01",,,"19.4",",,W","5.6",",,W",,
"USW00013764","GEORGETOWN SUSSEX CO AIRPORT, DE US","2018-04-02",,,"11.1",",,W","2.8",",,W",,
"USW00013764","GEORGETOWN SUSSEX CO AIRPORT, DE US","2018-04-03",,,"15.0",",,W","4.4",",,W",,
"USW00013764","GEORGETOWN SUSSEX CO AIRPORT, DE US","2018-04-04",,,"25.0",",,W","6.1",",,W",,
"USW00013764","GEORGETOWN SUSSEX CO AIRPORT, DE US","2018-04-05",,,"10.6",",,W","0.6",",,W",,
"USW00013764","GEORGETOWN SUSSEX CO AIRPORT, DE US","2018-04-06",,,"21.1",",,W","1.1",",,W",,
"USW00013764","GEORGETOWN SUSSEX CO AIRPORT, DE US","2018-04-07",,,"17.8",",,W","4.4",",,W",,
"USW00013764","GEORGETOWN SUSSEX CO AIRPORT, DE US","2018-04-08",,,"9.4",",,W","-1.6",",,W",,
"USW00013764","GEORGETOWN SUSSEX CO AIRPORT, DE US","2018-04-09",,,"9.4",",,W","0.0",",,W",,
"USW00013764","GEORGETOWN SUSSEX CO AIRPORT, DE US","2018-04-10",,,"12.2",",,W","2.2",",,W",,
"USW00013764","GEORGETOWN SUSSEX CO AIRPORT, DE US","2018-04-11",,,"13.3",",,W","-1.6",",,W",,
"USW00013764","GEORGETOWN SUSSEX CO AIRPORT, DE US","2018-04-12",,,"23.3",",,W","3.9",",,W",,
"USW00013764","GEORGETOWN SUSSEX CO AIRPORT, DE US","2018-04-13",,,"27.8",",,W","15.0",",,W",,
"USW00013764","GEORGETOWN SUSSEX CO AIRPORT, DE US","2018-04-14",,,"28.3",",,W","17.2",",,W",,
"USW00013764","GEORGETOWN SUSSEX CO AIRPORT, DE US","2018-04-15",,,"18.9",",,W","8.3",",,W",,
"USW00013764","GEORGETOWN SUSSEX CO AIRPORT, DE US","2018-04-16",,,"20.0",",,W","9.4",",,W",,
"USW00013764","GEORGETOWN SUSSEX CO AIRPORT, DE US","2018-04-17",,,"9.4",",,W","5.0",",,W",,
"USW00013764","GEORGETOWN SUSSEX CO AIRPORT, DE US","2018-04-18",,,"16.1",",,W","1.7",",,W",,
"USW00013764","GEORGETOWN SUSSEX CO AIRPORT, DE US","2018-04-19",,,"14.4",",,W","5.0",",,W",,
"USW00013764","GEORGETOWN SUSSEX CO AIRPORT, DE US","2018-04-20",,,"13.9",",,W","2.2",",,W",,
"USW00013764","GEORGETOWN SUSSEX CO AIRPORT, DE US","2018-04-21",,,"16.1",",,W","0.6",",,W",,
"USW00013764","GEORGETOWN SUSSEX CO AIRPORT, DE US","2018-04-22",,,"17.2",",,W","6.1",",,W",,
"USW00013764","GEORGETOWN SUSSEX CO AIRPORT, DE US","2018-04-23",,,"20.0",",,W","3.3",",,W",,
"USW00013764","GEORGETOWN SUSSEX CO AIRPORT, DE US","2018-04-24",,,"17.2",",,W","7.8",",,W",,
"USW00013764","GEORGETOWN SUSSEX CO AIRPORT, DE US","2018-04-25",,,"24.4",",,W","13.3",",,W",,
"USW00013764","GEORGETOWN SUSSEX CO AIRPORT, DE US","2018-04-26",,,"21.1",",,W","11.7",",,W",,
"USW00013764","GEORGETOWN SUSSEX CO AIRPORT, DE US","2018-04-27",,,"21.1",",,W","11.1",",,W",,
"USW00013764","GEORGETOWN SUSSEX CO AIRPORT, DE US","2018-04-28",,,"24.4",",,W","8.9",",,W",,
"USW00013764","GEORGETOWN SUSSEX CO AIRPORT, DE US","2018-04-29",,,"13.9",",,W","8.3",",,W",,
"USW00013764","GEORGETOWN SUSSEX CO AIRPORT, DE US","2018-04-30",,,"20.6",",,W","6.1",",,W",,
"USW00013764","GEORGETOWN SUSSEX CO AIRPORT, DE US","2018-05-01",,,"26.1",",,W","4.4",",,W",,
"USW00013764","GEORGETOWN SUSSEX CO AIRPORT, DE US","2018-05-02",,,"32.2",",,W","11.7",",,W",,
"USW00013764","GEORGETOWN SUSSEX CO AIRPORT, DE US","2018-05-03",,,"32.2",",,W","19.4",",,W",,
"USW00013764","GEORGETOWN SUSSEX CO AIRPORT, DE US","2018-05-04",,,"32.2",",,W","19.4",",,W",,
"USW00013764","GEORGETOWN SUSSEX CO AIRPORT, DE US","2018-05-05",,,"25.0",",,D","15.6",",,D",,
"USW00013764","GEORGETOWN SUSSEX CO AIRPORT, DE US","2018-05-06",,,"20.0",",,D","13.9",",,D",,
"USW00013764","GEORGETOWN SUSSEX CO AIRPORT, DE US","2018-05-07",,,"22.8",",,D","11.7",",,D",,
"USW00013764","GEORGETOWN SUSSEX CO AIRPORT, DE US","2018-05-08",,,"21.1",",,D","10.6",",,D",,
"USW00013764","GEORGETOWN SUSSEX CO AIRPORT, DE US","2018-05-09",,,"22.8",",,D","9.4",",,D",,
"USW00013764","GEORGETOWN SUSSEX CO AIRPORT, DE US","2018-05-10",,,"29.4",",,D","8.9",",,D",,
"USW00013764","GEORGETOWN SUSSEX CO AIRPORT, DE US","2018-05-11",,,"28.9",",,D","16.7",",,D",,
"USW00013764","GEORGETOWN SUSSEX CO AIRPORT, DE US","2018-05-12",,,"32.8",",,D","16.1",",,D",,
"USW00013764","GEORGETOWN SUSSEX CO AIRPORT, DE US","2018-05-13",,,"18.3",",,D","13.9",",,D",,
"USW00013764","GEORGETOWN SUSSEX CO AIRPORT, DE US","2018-05-14",,,"25.6",",,D","13.9",",,D",,
"USW00013764","GEORGETOWN SUSSEX CO AIRPORT, DE US","2018-05-15",,,"31.1",",,D","18.9",",,D",,
"USW00013764","GEORGETOWN SUSSEX CO AIRPORT, DE US","2018-05-16",,,"23.3",",,D","16.7",",,D",,
"USW00013764","GEORGETOWN SUSSEX CO AIRPORT, DE US","2018-05-17",,,"21.1",",,D","15.6",",,D",,
"USW00013764","GEORGETOWN SUSSEX CO AIRPORT, DE US","2018-05-18",,,"18.9",",,D","12.8",",,D",,
"USW00013764","GEORGETOWN SUSSEX CO AIRPORT, DE US","2018-05-19",,,"25.0",",,D","13.3",",,D",,
"USW00013764","GEORGETOWN SUSSEX CO AIRPORT, DE US","2018-05-20",,,"28.9",",,D","21.7",",,D",,
"USW00013764","GEORGETOWN SUSSEX CO AIRPORT, DE US","2018-05-21",,,"23.9",",,D","15.6",",,D",,
"USW00013764","GEORGETOWN SUSSEX CO AIRPORT, DE US","2018-05-22",,,"27.2",",,D","15.6",",,D",,
"USW00013764","GEORGETOWN SUSSEX CO AIRPORT, DE US","2018-05-23",,,"28.3",",,D","17.8",",,D",,
"USW00013764","GEORGETOWN SUSSEX CO AIRPORT, DE US","2018-05-24",,,"27.8",",,D","16.1",",,D",,
"USW00013764","GEORGETOWN SUSSEX CO AIRPORT, DE US","2018-05-25",,,"28.9",",,D","14.4",",,D",,
"USW00013764","GEORGETOWN SUSSEX CO AIRPORT, DE US","2018-05-26",,,"32.2",",,D","20.0",",,D",,
"USW00013764","GEORGETOWN SUSSEX CO AIRPORT, DE US","2018-05-27",,,"29.4",",,D","14.4",",,D",,
"USW00013764","GEORGETOWN SUSSEX CO AIRPORT, DE US","2018-05-28",,,"20.6",",,D","14.4",",,D",,
"USW00013764","GEORGETOWN SUSSEX CO AIRPORT, DE US","2018-05-29",,,"26.1",",,D","16.7",",,D",,
"USW00013764","GEORGETOWN SUSSEX CO AIRPORT, DE US","2018-05-30",,,"23.9",",,D","18.3",",,D",,
"USW00013764","GEORGETOWN SUSSEX CO AIRPORT, DE US","2018-05-31",,,"29.4",",,D","18.3",",,D",,
"USW00013764","GEORGETOWN SUSSEX CO AIRPORT, DE US","2018-06-01",,,"30.0",",,D","21.1",",,D",,
"USW00013764","GEORGETOWN SUSSEX CO AIRPORT, DE US","2018-06-02",,,"28.3",",,D","21.1",",,D",,
"USW00013764","GEORGETOWN SUSSEX CO AIRPORT, DE US","2018-06-03",,,"21.1",",,D","14.4",",,D",,
"USW00013764","GEORGETOWN SUSSEX CO AIRPORT, DE US","2018-06-04",,,"23.9",",,D","13.3",",,D",,
"USW00013764","GEORGETOWN SUSSEX CO AIRPORT, DE US","2018-06-05",,,"27.2",",,D","13.3",",,D",,
"USW00013764","GEORGETOWN SUSSEX CO AIRPORT, DE US","2018-06-06",,,"21.7",",,D","16.1",",,D",,
"USW00013764","GEORGETOWN SUSSEX CO AIRPORT, DE US","2018-06-07",,,"23.3",",,D","15.6",",,D",,
"USW00013764","GEORGETOWN SUSSEX CO AIRPORT, DE US","2018-06-08",,,"28.3",",,D","13.9",",,D",,
"USW00013764","GEORGETOWN SUSSEX CO AIRPORT, DE US","2018-06-09",,,"28.3",",,D","19.4",",,D",,
"USW00013764","GEORGETOWN SUSSEX CO AIRPORT, DE US","2018-06-10",,,"24.4",",,D","18.3",",,D",,
"USW00013764","GEORGETOWN SUSSEX CO AIRPORT, DE US","2018-06-11",,,"18.9",",,D","12.8",",,D",,
"USW00013764","GEORGETOWN SUSSEX CO AIRPORT, DE US","2018-06-12",,,"22.8",",,D","11.7",",,D",,
"USW00013764","GEORGETOWN SUSSEX CO AIRPORT, DE US","2018-06-13",,,"28.3",",,D","17.2",",,D",,
"USW00013764","GEORGETOWN SUSSEX CO AIRPORT, DE US","2018-06-14",,,"29.4",",,D","20.6",",,D",,
"USW00013764","GEORGETOWN SUSSEX CO AIRPORT, DE US","2018-06-15",,,"27.8",",,D","16.7",",,D",,
"USW00013764","GEORGETOWN SUSSEX CO AIRPORT, DE US","2018-06-16",,,"29.4",",,D","13.3",",,D",,
"USW00013764","GEORGETOWN SUSSEX CO AIRPORT, DE US","2018-06-17",,,"31.1",",,D","16.7",",,D",,
"USW00013764","GEORGETOWN SUSSEX CO AIRPORT, DE US","2018-06-18",,,"33.3",",,D","20.6",",,D",,
"USW00013764","GEORGETOWN SUSSEX CO AIRPORT, DE US","2018-06-19",,,"32.8",",,D","23.3",",,D",,
"USW00013764","GEORGETOWN SUSSEX CO AIRPORT, DE US","2018-06-20",,,"30.0",",,D","22.2",",,D",,
"USW00013764","GEORGETOWN SUSSEX CO AIRPORT, DE US","2018-06-21",,,"27.8",",,D","19.4",",,D",,
"USW00013764","GEORGETOWN SUSSEX CO AIRPORT, DE US","2018-06-22",,,"22.2",",,D","19.4",",,D",,
"USW00013764","GEORGETOWN SUSSEX CO AIRPORT, DE US","2018-06-23",,,"29.4",",,D","20.0",",,D",,
"USW00013764","GEORGETOWN SUSSEX CO AIRPORT, DE US","2018-06-24",,,"32.8",",,D","21.1",",,D",,
"USW00013764","GEORGETOWN SUSSEX CO AIRPORT, DE US","2018-06-25",,,"28.9",",,W","17.8",",,W",,
"USW00013764","GEORGETOWN SUSSEX CO AIRPORT, DE US","2018-06-26",,,"26.1",",,W","17.2",",,W",,
"USW00013764","GEORGETOWN SUSSEX CO AIRPORT, DE US","2018-06-27",,,"28.3",",,W","17.2",",,W",,
"USW00013764","GEORGETOWN SUSSEX CO AIRPORT, DE US","2018-06-28",,,"32.2",",,W","22.8",",,W",,
"USW00013764","GEORGETOWN SUSSEX CO AIRPORT, DE US","2018-06-29",,,"32.8",",,W","21.7",",,W",,
"USW00013764","GEORGETOWN SUSSEX CO AIRPORT, DE US","2018-06-30",,,"34.4",",,W","20.0",",,W",,
"USC00079605","WILMINGTON PORTER RES, DE US","2017-12-01",,,"10.0",",,7","3.9",",,7","3.9",",,7,2400"
"USC00079605","WILMINGTON PORTER RES, DE US","2017-12-02",,,"8.9",",,7","1.7",",,7","3.3",",,7,2400"
"USC00079605","WILMINGTON PORTER RES, DE US","2017-12-03",,,"10.0",",,7","2.8",",,7","3.3",",,7,2400"
"USC00079605","WILMINGTON PORTER RES, DE US","2017-12-04",,,"9.4",",,7","0.6",",,7","6.7",",,7,2400"
"USC00079605","WILMINGTON PORTER RES, DE US","2017-12-05",,,"14.4",",,7","6.7",",,7","12.8",",,7,2400"
"USC00079605","WILMINGTON PORTER RES, DE US","2017-12-06",,,"12.8",",,7","2.2",",,7","2.2",",,7,2400"
"USC00079605","WILMINGTON PORTER RES, DE US","2017-12-07",,,"6.7",",,7","0.6",",,7","3.9",",,7,2400"
"USC00079605","WILMINGTON PORTER RES, DE US","2017-12-08",,,"3.9",",,7","0.0",",,7","0.6",",,7,2400"
"USC00079605","WILMINGTON PORTER RES, DE US","2017-12-09",,,"2.8",",,7","-4.4",",,7","-2.2",",,7,2400"
"USC00079605","WILMINGTON PORTER RES, DE US","2017-12-10",,,"2.2",",,7","-4.4",",,7","0.0",",,7,2400"
"USC00079605","WILMINGTON PORTER RES, DE US","2017-12-11",,,"4.4",",,7","0.0",",,7","1.1",",,7,2400"
"USC00079605","WILMINGTON PORTER RES, DE US","2017-12-12",,,"6.7",",,7","-6.1",",,7","-6.1",",,7,2400"
"USC00079605","WILMINGTON PORTER RES, DE US","2017-12-13",,,"6.7",",,7","-7.2",",,7","-1.7",",,7,2400"
"USC00079605","WILMINGTON PORTER RES, DE US","2017-12-14",,,"1.7",",,7","-4.4",",,7","-2.2",",,7,2400"
"USC00079605","WILMINGTON PORTER RES, DE US","2017-12-15",,,"1.7",",,7","-7.8",",,7","-2.2",",,7,2400"
"USC00079605","WILMINGTON PORTER RES, DE US","2017-12-16",,,"3.9",",,7","-7.8",",,7","-2.2",",,7,2400"
"USC00079605","WILMINGTON PORTER RES, DE US","2017-12-17",,,"4.4",",,7","-2.2",",,7","-1.1",",,7,2400"
"USC00079605","WILMINGTON PORTER RES, DE US","2017-12-18",,,"8.9",",,7","-1.7",",,7","1.7",",,7,2400"
"USC00079605","WILMINGTON PORTER RES, DE US","2017-12-19",,,"13.3",",,7","1.7",",,7","4.4",",,7,2400"
"USC00079605","WILMINGTON PORTER RES, DE US","2017-12-20",,,"15.0",",,7","1.1",",,7","1.1",",,7,2400"
"USC00079605","WILMINGTON PORTER RES, DE US","2017-12-21",,,"4.4",",,7","-2.8",",,7","-0.6",",,7,2400"
"USC00079605","WILMINGTON PORTER RES, DE US","2017-12-22",,,"8.3",",,7","-0.6",",,7","7.2",",,7,2400"
"USC00079605","WILMINGTON PORTER RES, DE US","2017-12-23",,,"14.4",",,7","-0.6",",,7","5.6",",,7,2400"
"USC00079605","WILMINGTON PORTER RES, DE US","2017-12-24",,,"5.6",",,7","1.1",",,7","3.3",",,7,2400"
"USC00079605","WILMINGTON PORTER RES, DE US","2017-12-25",,,"3.3",",,7","-2.8",",,7","-2.8",",,7,2400"
"USC00079605","WILMINGTON PORTER RES, DE US","2017-12-26",,,"-0.6",",,7","-4.4",",,7","-4.4",",,7,2400"
"USC00079605","WILMINGTON PORTER RES, DE US","2017-12-27",,,"-3.3",",,7","-10.0",",,7","-8.3",",,7,2400"
"USC00079605","WILMINGTON PORTER RES, DE US","2017-12-28",,,"-3.3",",,7","-11.1",",,7","-10.6",",,7,2400"
"USC00079605","WILMINGTON PORTER RES, DE US","2017-12-29",,,"-5.0",",,7","-11.1",",,7","-9.4",",,7,2400"
"USC00079605","WILMINGTON PORTER RES, DE US","2017-12-30",,,"-2.2",",,7","-11.1",",,7","-7.2",",,7,2400"
"USC00079605","WILMINGTON PORTER RES, DE US","2017-12-31",,,"-7.2",",,7","-13.3",",,7","-13.3",",,7,2400"
"USC00079605","WILMINGTON PORTER RES, DE US","2018-01-20",,,"12.8",",,H","-5.0",",,H","6.1",",,H,2400"
"USC00079605","WILMINGTON PORTER RES, DE US","2018-01-21",,,"11.1",",,H","1.7",",,H","6.7",",,H,2400"
"USC00079605","WILMINGTON PORTER RES, DE US","2018-01-22",,,"14.4",",,H","5.6",",,H","8.3",",,H,2400"
"USC00072730","DOVER, DE US","2017-12-01",,,"13.3",",,7","6.7",",,7","6.7",",,7,1600"
"USC00072730","DOVER, DE US","2017-12-02",,,"10.6",",,7","-2.2",",,7",,
"USC00072730","DOVER, DE US","2017-12-03",,,"12.8",",,7","1.1",",,7",,
"USC00072730","DOVER, DE US","2017-12-04",,,"11.7",",,7","-1.1",",,7","7.8",",,7,1600"
"USC00072730","DOVER, DE US","2017-12-05",,,"18.3",",,7","3.9",",,7","16.1",",,7,1600"
"USC00072730","DOVER, DE US","2017-12-06",,,"16.1",",,7","5.0",",,7","5.0",",,7,1600"
"USC00072730","DOVER, DE US","2017-12-07",,,"8.3",",,7","2.2",",,7","2.2",",,7,1600"
"USC00072730","DOVER, DE US","2017-12-08",,,"4.4",",,7","1.1",",,7","1.1",",,7,1600"
"USC00072730","DOVER, DE US","2017-12-09",,,"1.7",",,7","-1.7",",,7",,
"USC00072730","DOVER, DE US","2017-12-10",,,"4.4",",,7","-3.3",",,7",,
"USC00072730","DOVER, DE US","2017-12-11",,,"7.8",",,7","0.6",",,7","3.3",",,7,1600"
"USC00072730","DOVER, DE US","2017-12-12",,,"8.9",",,7","0.0",",,7","5.0",",,7,1600"
"USC00072730","DOVER, DE US","2017-12-13",,,"5.0",",,7","-6.7",",,7","-2.2",",,7,1600"
"USC00072730","DOVER, DE US","2017-12-14",,,"5.0",",,7","-3.9",",,7","-1.1",",,7,1600"
"USC00072730","DOVER, DE US","2017-12-15",,,"-1.1",",,7","-5.6",",,7","-4.4",",,7,1600"
"USC00072730","DOVER, DE US","2017-12-16",,,"6.1",",,7","-6.7",",,7",,
"USC00072730","DOVER, DE US","2017-12-17",,,"9.4",",,7","-3.3",",,7",,
"USC00072730","DOVER, DE US","2017-12-18",,,"12.8",",,7","2.8",",,7","7.8",",,7,1600"
"USC00072730","DOVER, DE US","2017-12-19",,,"15.0",",,7","3.9",",,7","11.1",",,7,1600"
"USC00072730","DOVER, DE US","2017-12-20",,,"11.7",",,7","6.7",",,7","7.2",",,7,1600"
"USC00072730","DOVER, DE US","2017-12-21",,,"7.2",",,7","-3.3",",,7","2.2",",,7,1600"
"USC00072730","DOVER, DE US","2017-12-22",,,"12.8",",,7","-3.3",",,7","7.2",",,7,1600"
"USC00072730","DOVER, DE US","2017-12-23",,,"17.2",",,7","7.2",",,7",,
"USC00072730","DOVER, DE US","2017-12-24",,,"7.2",",,7","2.8",",,7",,
"USC00072730","DOVER, DE US","2017-12-25",,,"5.0",",,7","0.0",",,7",,
"USC00072730","DOVER, DE US","2017-12-26",,,"1.7",",,7","-2.2",",,7","-1.1",",,7,1600"
"USC00072730","DOVER, DE US","2017-12-27",,,"-1.1",",,7","-3.9",",,7","-3.9",",,7,1600"
"USC00072730","DOVER, DE US","2017-12-28",,,"-3.9",",,7","-9.4",",,7","-6.7",",,7,1600"
"USC00072730","DOVER, DE US","2017-12-29",,,"-2.2",",,7","-11.7",",,7","-3.9",",,7,1600"
"USC00072730","DOVER, DE US","2017-12-30",,,"-2.2",",,7","-8.9",",,7",,
"USC00072730","DOVER, DE US","2017-12-31",,,"-2.8",",,7","-9.4",",,7",,
"USC00072730","DOVER, DE US","2018-01-01",,,"-6.1",",,7","-12.2",",,7",,
"USC00072730","DOVER, DE US","2018-01-02",,,"-3.3",",,7","-11.1",",,7","-6.1",",,7,1600"
"USC00072730","DOVER, DE US","2018-01-03",,,"0.0",",,7","-13.9",",,7","-2.8",",,7,1600"
"USC00072730","DOVER, DE US","2018-01-04",,,"-2.2",",,7","-6.1",",,7","-3.9",",,7,1600"
"USC00072730","DOVER, DE US","2018-01-05",,,"-3.9",",,7","-11.7",",,7","-9.4",",,7,1600"
"USC00072730","DOVER, DE US","2018-01-06",,,"-8.9",",,7","-13.9",",,7",,
"USC00072730","DOVER, DE US","2018-01-07",,,"-7.8",",,7","-17.8",",,7",,
"USC00072730","DOVER, DE US","2018-01-08",,,"3.9",",,7","-12.2",",,7","1.7",",,7,1600"
"USC00072730","DOVER, DE US","2018-01-09",,,"8.9",",,7","-1.1",",,7","3.3",",,7,1600"
"USC00072730","DOVER, DE US","2018-01-10",,,"6.7",",,7","-5.0",",,7","4.4",",,7,1600"
"USC00072730","DOVER, DE US","2018-01-11",,,"15.6",",,7","2.2",",,7","8.9",",,7,1600"
"USC00072730","DOVER, DE US","2018-01-12",,,"18.9",",,7","6.7",",,7","17.2",",,7,1600"
"USC00072730","DOVER, DE US","2018-01-13",,,"17.2",",,7","0.6",",,7","0.6",",,7,1600"
"USC00072730","DOVER, DE US","2018-01-14",,,"0.6",",,7","-10.6",",,7",,
"USC00072730","DOVER, DE US","2018-01-15",,,"-0.6",",,7","-7.8",",,7","-1.7",",,7,1600"
"USC00072730","DOVER, DE US","2018-01-16",,,"7.2",",,7","-3.3",",,7","4.4",",,7,1600"
"USC00072730","DOVER, DE US","2018-01-17",,,"4.4",",,7","-4.4",",,7","-4.4",",,7,1600"
"USC00072730","DOVER, DE US","2018-01-18",,,"3.3",",,7","-9.4",",,7","-1.1",",,7,1600"
"USC00072730","DOVER, DE US","2018-01-19",,,"8.9",",,7","-7.2",",,7","5.6",",,7,1600"
"USC00072730","DOVER, DE US","2018-01-20",,,"14.4",",,7","-1.1",",,7",,
"USC00072730","DOVER, DE US","2018-01-21",,,"11.1",",,7","-2.2",",,7",,
"USC00072730","DOVER, DE US","2018-01-22",,,"18.9",",,7","6.1",",,7","15.6",",,7,1600"
"USC00072730","DOVER, DE US","2018-01-23",,,"18.9",",,7","9.4",",,7","12.2",",,7,1600"
"USC00072730","DOVER, DE US","2018-01-24",,,"12.2",",,7","3.3",",,7","3.3",",,7,1600"
"USC00072730","DOVER, DE US","2018-01-25",,,"3.9",",,7","-2.2",",,7","1.7",",,7,1600"
"USC00072730","DOVER, DE US","2018-01-26",,,"6.1",",,7","-7.2",",,7","1.1",",,7,1600"
"USC00072730","DOVER, DE US","2018-01-27",,,"15.6",",,7","-2.2",",,7",,
"USC00072730","DOVER, DE US","2018-01-28",,,"13.9",",,7","10.0",",,7",,
"USC00072730","DOVER, DE US","2018-01-29",,,"10.0",",,7","4.4",",,7","4.4",",,7,1600"
"USC00072730","DOVER, DE US","2018-01-30",,,"4.4",",,7","-1.7",",,7","-1.7",",,7,1600"
"USC00072730","DOVER, DE US","2018-01-31",,,"1.7",",,7","-8.9",",,7","-0.6",",,7,1600"
"USC00072730","DOVER, DE US","2018-02-01",,,"11.7",",,7","-2.2",",,7","9.4",",,7,1600"
"USC00072730","DOVER, DE US","2018-02-02",,,"9.4",",,7","-4.4",",,7","-4.4",",,7,1600"
"USC00072730","DOVER, DE US","2018-02-03",,,"0.6",",,7","-10.6",",,7",,
"USC00072730","DOVER, DE US","2018-02-04",,,"3.3",",,7","-2.2",",,7",,
"USC00072730","DOVER, DE US","2018-02-05",,,"3.9",",,7","-0.6",",,7","-0.6",",,7,1600"
"USC00072730","DOVER, DE US","2018-02-06",,,"4.4",",,7","-6.7",",,7","2.2",",,7,1600"
"USC00072730","DOVER, DE US","2018-02-07",,,"13.3",",,7","-3.9",",,7","5.6",",,7,1600"
"USC00072730","DOVER, DE US","2018-02-08",,,"5.6",",,7","-4.4",",,7","0.0",",,7,1600"
"USC00072730","DOVER, DE US","2018-02-09",,,"3.9",",,7","-6.7",",,7","3.3",",,7,1600"
"USC00072730","DOVER, DE US","2018-02-10",,,"13.9",",,7","0.6",",,7",,
"USC00072730","DOVER, DE US","2018-02-11",,,"19.4",",,7","10.6",",,7","19.4",",,7,1600"
"USC00072730","DOVER, DE US","2018-02-12",,,"19.4",",,7","7.2",",,7","7.2",",,7,1600"
"USC00072730","DOVER, DE US","2018-02-13",,,"7.2",",,7","-1.7",",,7","1.7",",,7,1600"
"USC00072730","DOVER, DE US","2018-02-14",,,"11.7",",,7","0.6",",,7","8.9",",,7,1600"
"USC00072730","DOVER, DE US","2018-02-15",,,"17.2",",,7","7.2",",,7","17.2",",,7,1600"
"USC00072730","DOVER, DE US","2018-02-16",,,"18.3",",,7","11.7",",,7","11.7",",,7,1600"
"USC00072730","DOVER, DE US","2018-02-17",,,"11.7",",,7","0.0",",,7",,
"USC00072730","DOVER, DE US","2018-02-18",,,"7.8",",,7","0.6",",,7",,
"USC00072730","DOVER, DE US","2018-02-19",,,"11.1",",,7","-1.1",",,7","8.9",",,7,1600"
"USC00072730","DOVER, DE US","2018-02-20",,,"22.8",",,7","8.9",",,7","20.0",",,7,1600"
"USC00072730","DOVER, DE US","2018-02-21",,,"24.4",",,7","15.0",",,7","23.3",",,7,1600"
"USC00072730","DOVER, DE US","2018-02-22",,,"23.3",",,7","6.1",",,7","6.1",",,7,1600"
"USC00072730","DOVER, DE US","2018-02-23",,,"6.7",",,7","3.3",",,7","6.7",",,7,1600"
"USC00072730","DOVER, DE US","2018-02-24",,,"11.1",",,7","6.7",",,7",,
"USC00072730","DOVER, DE US","2018-02-25",,,"11.1",",,7","7.2",",,7","10.0",",,7,1600"
"USC00072730","DOVER, DE US","2018-02-26",,,"10.0",",,7","7.2",",,7","7.8",",,7,1600"
"USC00072730","DOVER, DE US","2018-02-27",,,"13.9",",,7","-1.1",",,7","10.6",",,7,1600"
"USC00072730","DOVER, DE US","2018-02-28",,,"16.1",",,7","4.4",",,7","13.9",",,7,1600"
"USW00013781","WILMINGTON NEW CASTLE CO AIRPORT, DE US","2017-12-01",,,"12.8",",,W","1.7",",,W",,
"USW00013781","WILMINGTON NEW CASTLE CO AIRPORT, DE US","2017-12-02",,,"10.6",",,W","-2.1",",,W",,
"USW00013781","WILMINGTON NEW CASTLE CO AIRPORT, DE US","2017-12-03",,,"12.2",",,W","-0.5",",,W",,
"USW00013781","WILMINGTON NEW CASTLE CO AIRPORT, DE US","2017-12-04",,,"10.6",",,W","-2.1",",,W",,
"USW00013781","WILMINGTON NEW CASTLE CO AIRPORT, DE US","2017-12-05",,,"16.7",",,W","6.1",",,W",,
"USW00013781","WILMINGTON NEW CASTLE CO AIRPORT, DE US","2017-12-06",,,"13.9",",,W","3.3",",,W",,
"USW00013781","WILMINGTON NEW CASTLE CO AIRPORT, DE US","2017-12-07",,,"8.9",",,W","1.1",",,W",,
"USW00013781","WILMINGTON NEW CASTLE CO AIRPORT, DE US","2017-12-08",,,"3.9",",,W","0.0",",,W",,
"USW00013781","WILMINGTON NEW CASTLE CO AIRPORT, DE US","2017-12-09",,,"2.8",",,W","-1.0",",,W",,
"USW00013781","WILMINGTON NEW CASTLE CO AIRPORT, DE US","2017-12-10",,,"3.9",",,W","-3.2",",,W",,
"USW00013781","WILMINGTON NEW CASTLE CO AIRPORT, DE US","2017-12-11",,,"6.7",",,W","0.6",",,W",,
"USW00013781","WILMINGTON NEW CASTLE CO AIRPORT, DE US","2017-12-12",,,"7.8",",,W","-5.5",",,W",,
"USW00013781","WILMINGTON NEW CASTLE CO AIRPORT, DE US","2017-12-13",,,"0.0",",,W","-6.6",",,W",,
"USW00013781","WILMINGTON NEW CASTLE CO AIRPORT, DE US","2017-12-14",,,"2.8",",,W","-4.9",",,W",,
"USW00013781","WILMINGTON NEW CASTLE CO AIRPORT, DE US","2017-12-15",,,"-2.1",",,W","-8.2",",,W",,
"USW00013781","WILMINGTON NEW CASTLE CO AIRPORT, DE US","2017-12-16",,,"6.1",",,W","-8.2",",,W",,
"USW00013781","WILMINGTON NEW CASTLE CO AIRPORT, DE US","2017-12-17",,,"7.2",",,W","-3.2",",,W",,
"USW00013781","WILMINGTON NEW CASTLE CO AIRPORT, DE US","2017-12-18",,,"11.1",",,W","1.7",",,W",,
"USW00013781","WILMINGTON NEW CASTLE CO AIRPORT, DE US","2017-12-19",,,"15.0",",,W","5.6",",,W",,
"USW00013781","WILMINGTON NEW CASTLE CO AIRPORT, DE US","2017-12-20",,,"9.4",",,W","-2.1",",,W",,
"USW00013781","WILMINGTON NEW CASTLE CO AIRPORT, DE US","2017-12-21",,,"6.7",",,W","-3.8",",,W",,
"USW00013781","WILMINGTON NEW CASTLE CO AIRPORT, DE US","2017-12-22",,,"9.4",",,W","-2.1",",,W",,
"USW00013781","WILMINGTON NEW CASTLE CO AIRPORT, DE US","2017-12-23",,,"16.7",",,W","6.1",",,W",,
"USW00013781","WILMINGTON NEW CASTLE CO AIRPORT, DE US","2017-12-24",,,"6.1",",,W","1.1",",,W",,
"USW00013781","WILMINGTON NEW CASTLE CO AIRPORT, DE US","2017-12-25",,,"3.9",",,W","-2.1",",,W",,
"USW00013781","WILMINGTON NEW CASTLE CO AIRPORT, DE US","2017-12-26",,,"1.1",",,W","-3.8",",,W",,
"USW00013781","WILMINGTON NEW CASTLE CO AIRPORT, DE US","2017-12-27",,,"-1.6",",,W","-8.8",",,W",,
"USW00013781","WILMINGTON NEW CASTLE CO AIRPORT, DE US","2017-12-28",,,"-4.9",",,W","-11.6",",,W",,
"USW00013781","WILMINGTON NEW CASTLE CO AIRPORT, DE US","2017-12-29",,,"-2.7",",,W","-12.1",",,W",,
"USW00013781","WILMINGTON NEW CASTLE CO AIRPORT, DE US","2017-12-30",,,"-1.0",",,W","-9.3",",,W",,
"USW00013781","WILMINGTON NEW CASTLE CO AIRPORT, DE US","2017-12-31",,,"-6.6",",,W","-13.2",",,W",,
"USW00013781","WILMINGTON NEW CASTLE CO AIRPORT, DE US","2018-01-01",,,"-6.0",",,W","-14.9",",,W",,
"USW00013781","WILMINGTON NEW CASTLE CO AIRPORT, DE US","2018-01-02",,,"-3.8",",,W","-11.6",",,W",,
"USW00013781","WILMINGTON NEW CASTLE CO AIRPORT, DE US","2018-01-03",,,"-0.5",",,W","-13.2",",,W",,
"USW00013781","WILMINGTON NEW CASTLE CO AIRPORT, DE US","2018-01-04",,,"-2.1",",,W","-9.3",",,W",,
"USW00013781","WILMINGTON NEW CASTLE CO AIRPORT, DE US","2018-01-05",,,"-8.2",",,W","-12.1",",,W",,
"USW00013781","WILMINGTON NEW CASTLE CO AIRPORT, DE US","2018-01-06",,,"-8.8",",,W","-13.8",",,W",,
"USW00013781","WILMINGTON NEW CASTLE CO AIRPORT, DE US","2018-01-07",,,"-7.1",",,W","-16.6",",,W",,
"USW00013781","WILMINGTON NEW CASTLE CO AIRPORT, DE US","2018-01-08",,,"0.6",",,W","-10.5",",,W",,
"USW00013781","WILMINGTON NEW CASTLE CO AIRPORT, DE US","2018-01-09",,,"7.8",",,W","-6.0",",,W",,
"USW00013781","WILMINGTON NEW CASTLE CO AIRPORT, DE US","2018-01-10",,,"5.6",",,W","-4.9",",,W",,
"USW00013781","WILMINGTON NEW CASTLE CO AIRPORT, DE US","2018-01-11",,,"13.3",",,W","3.3",",,W",,
"USW00013781","WILMINGTON NEW CASTLE CO AIRPORT, DE US","2018-01-12",,,"16.7",",,W","8.3",",,W",,
"USW00013781","WILMINGTON NEW CASTLE CO AIRPORT, DE US","2018-01-13",,,"13.9",",,W","-7.1",",,W",,
"USW00013781","WILMINGTON NEW CASTLE CO AIRPORT, DE US","2018-01-14",,,"-3.2",",,W","-10.5",",,W",,
"USW00013781","WILMINGTON NEW CASTLE CO AIRPORT, DE US","2018-01-15",,,"0.0",",,W","-8.8",",,W",,
"USW00013781","WILMINGTON NEW CASTLE CO AIRPORT, DE US","2018-01-16",,,"5.6",",,W","-1.6",",,W",,
"USW00013781","WILMINGTON NEW CASTLE CO AIRPORT, DE US","2018-01-17",,,"2.2",",,W","-7.7",",,W",,
"USW00013781","WILMINGTON NEW CASTLE CO AIRPORT, DE US","2018-01-18",,,"2.2",",,W","-9.9",",,W",,
"USW00013781","WILMINGTON NEW CASTLE CO AIRPORT, DE US","2018-01-19",,,"8.3",",,W","-6.6",",,W",,
"USW00013781","WILMINGTON NEW CASTLE CO AIRPORT, DE US","2018-01-20",,,"13.9",",,W","-3.8",",,W",,
"USW00013781","WILMINGTON NEW CASTLE CO AIRPORT, DE US","2018-01-21",,,"11.7",",,W","-3.2",",,W",,
"USW00013781","WILMINGTON NEW CASTLE CO AIRPORT, DE US","2018-01-22",,,"15.6",",,W","3.9",",,W",,
"USW00013781","WILMINGTON NEW CASTLE CO AIRPORT, DE US","2018-01-23",,,"17.2",",,W","4.4",",,W",,
"USW00013781","WILMINGTON NEW CASTLE CO AIRPORT, DE US","2018-01-24",,,"7.2",",,W","0.6",",,W",,
"USW00013781","WILMINGTON NEW CASTLE CO AIRPORT, DE US","2018-01-25",,,"2.8",",,W","-3.8",",,W",,
"USW00013781","WILMINGTON NEW CASTLE CO AIRPORT, DE US","2018-01-26",,,"3.9",",,W","-6.6",",,W",,
"USW00013781","WILMINGTON NEW CASTLE CO AIRPORT, DE US","2018-01-27",,,"15.0",",,W","-4.9",",,W",,
"USW00013781","WILMINGTON NEW CASTLE CO AIRPORT, DE US","2018-01-28",,,"13.3",",,W","7.2",",,W",,
"USW00013781","WILMINGTON NEW CASTLE CO AIRPORT, DE US","2018-01-29",,,"7.8",",,W","3.3",",,W",,
"USW00013781","WILMINGTON NEW CASTLE CO AIRPORT, DE US","2018-01-30",,,"3.9",",,W","-5.5",",,W",,
"USW00013781","WILMINGTON NEW CASTLE CO AIRPORT, DE US","2018-01-31",,,"0.6",",,W","-9.3",",,W",,
"USW00013781","WILMINGTON NEW CASTLE CO AIRPORT, DE US","2018-02-01","3.1","H,,S","8.3",",,W","0.0",",,W",,
"USW00013781","WILMINGTON NEW CASTLE CO AIRPORT, DE US","2018-02-02","0.5","H,,S","3.9",",,W","-7.7",",,W",,
"USW00013781","WILMINGTON NEW CASTLE CO AIRPORT, DE US","2018-02-03","-5.4","H,,S","-0.5",",,W","-9.9",",,W",,
"USW00013781","WILMINGTON NEW CASTLE CO AIRPORT, DE US","2018-02-04","0.0","H,,S","2.2",",,W","-1.6",",,W",,
"USW00013781","WILMINGTON NEW CASTLE CO AIRPORT, DE US","2018-02-05","0.6","H,,S","2.2",",,W","-4.9",",,W",,
"USW00013781","WILMINGTON NEW CASTLE CO AIRPORT, DE US","2018-02-06","-1.5","H,,S","3.3",",,W","-5.5",",,W",,
"USW00013781","WILMINGTON NEW CASTLE CO AIRPORT, DE US","2018-02-07","0.4","H,,S","6.1",",,W","-4.9",",,W",,
"USW00013781","WILMINGTON NEW CASTLE CO AIRPORT, DE US","2018-02-08","-0.5","H,,S","1.1",",,W","-5.5",",,W",,
"USW00013781","WILMINGTON NEW CASTLE CO AIRPORT, DE US","2018-02-09","-2.1","H,,S","2.8",",,W","-7.1",",,W",,
"USW00013781","WILMINGTON NEW CASTLE CO AIRPORT, DE US","2018-02-10","3.7","H,,S","9.4",",,W","-1.0",",,W",,
"USW00013781","WILMINGTON NEW CASTLE CO AIRPORT, DE US","2018-02-11","10.8","H,,S","18.3",",,W","7.8",",,W",,
"USW00013781","WILMINGTON NEW CASTLE CO AIRPORT, DE US","2018-02-12","10.6","H,,S","17.2",",,W","-1.0",",,W",,
"USW00013781","WILMINGTON NEW CASTLE CO AIRPORT, DE US","2018-02-13","0.5","H,,S","4.4",",,W","-4.3",",,W",,
"USW00013781","WILMINGTON NEW CASTLE CO AIRPORT, DE US","2018-02-14","4.2","H,,S","10.6",",,W","0.6",",,W",,
"USW00013781","WILMINGTON NEW CASTLE CO AIRPORT, DE US","2018-02-15","9.8","H,,S","17.2",",,W","5.6",",,W",,
"USW00013781","WILMINGTON NEW CASTLE CO AIRPORT, DE US","2018-02-16","12.9","H,,S","15.6",",,W","2.2",",,W",,
"USW00013781","WILMINGTON NEW CASTLE CO AIRPORT, DE US","2018-02-17","1.9","H,,S","4.4",",,W","-2.1",",,W",,
"USW00013781","WILMINGTON NEW CASTLE CO AIRPORT, DE US","2018-02-18","2.3","H,,S","7.8",",,W","-1.0",",,W",,
"USW00013781","WILMINGTON NEW CASTLE CO AIRPORT, DE US","2018-02-19","3.1","H,,S","8.3",",,W","-2.7",",,W",,
"USW00013781","WILMINGTON NEW CASTLE CO AIRPORT, DE US","2018-02-20","13.1","H,,S","23.9",",,W","7.2",",,W",,
"USW00013781","WILMINGTON NEW CASTLE CO AIRPORT, DE US","2018-02-21","16.9","H,,S","25.6",",,W","9.4",",,W",,
"USW00013781","WILMINGTON NEW CASTLE CO AIRPORT, DE US","2018-02-22","11.2","H,,S","15.0",",,W","4.4",",,W",,
"USW00013781","WILMINGTON NEW CASTLE CO AIRPORT, DE US","2018-02-23","4.7","H,,S","6.7",",,W","3.3",",,W",,
"USW00013781","WILMINGTON NEW CASTLE CO AIRPORT, DE US","2018-02-24","7.9","H,,S","10.0",",,W","6.7",",,W",,
"USW00013781","WILMINGTON NEW CASTLE CO AIRPORT, DE US","2018-02-25","8.4","H,,S","10.0",",,W","6.7",",,W",,
"USW00013781","WILMINGTON NEW CASTLE CO AIRPORT, DE US","2018-02-26","8.7","H,,S","11.7",",,W","2.2",",,W",,
"USW00013781","WILMINGTON NEW CASTLE CO AIRPORT, DE US","2018-02-27","6.8","H,,S","14.4",",,W","-1.6",",,W",,
"USW00013781","WILMINGTON NEW CASTLE CO AIRPORT, DE US","2018-02-28","8.5","H,,S","16.7",",,W","2.8",",,W",,
"USW00013781","WILMINGTON NEW CASTLE CO AIRPORT, DE US","2018-03-01",,,"13.9",",,W","5.0",",,W",,
"USW00013781","WILMINGTON NEW CASTLE CO AIRPORT, DE US","2018-03-02",,,"7.8",",,W","1.1",",,W",,
"USW00013781","WILMINGTON NEW CASTLE CO AIRPORT, DE US","2018-03-03",,,"10.0",",,W","1.7",",,W",,
"USW00013781","WILMINGTON NEW CASTLE CO AIRPORT, DE US","2018-03-04",,,"10.0",",,W","-0.5",",,W",,
"USW00013781","WILMINGTON NEW CASTLE CO AIRPORT, DE US","2018-03-05",,,"8.3",",,W","-2.1",",,W",,
"USW00013781","WILMINGTON NEW CASTLE CO AIRPORT, DE US","2018-03-06",,,"8.3",",,W","-2.7",",,W",,
"USW00013781","WILMINGTON NEW CASTLE CO AIRPORT, DE US","2018-03-07",,,"2.8",",,W","0.0",",,W",,
"USW00013781","WILMINGTON NEW CASTLE CO AIRPORT, DE US","2018-03-08",,,"4.4",",,W","-0.5",",,W",,
"USW00013781","WILMINGTON NEW CASTLE CO AIRPORT, DE US","2018-03-09",,,"5.0",",,W","-1.6",",,W",,
"USW00013781","WILMINGTON NEW CASTLE CO AIRPORT, DE US","2018-03-10",,,"7.2",",,W","-2.1",",,W",,
"USW00013781","WILMINGTON NEW CASTLE CO AIRPORT, DE US","2018-03-11",,,"7.8",",,W","-4.9",",,W",,
"USW00013781","WILMINGTON NEW CASTLE CO AIRPORT, DE US","2018-03-12",,,"6.1",",,W","-2.7",",,W",,
"USW00013781","WILMINGTON NEW CASTLE CO AIRPORT, DE US","2018-03-13",,,"6.7",",,W","-1.0",",,W",,
"USW00013781","WILMINGTON NEW CASTLE CO AIRPORT, DE US","2018-03-14",,,"4.4",",,W","-1.6",",,W",,
"USW00013781","WILMINGTON NEW CASTLE CO AIRPORT, DE US","2018-03-15",,,"8.3",",,W","-1.0",",,W",,
"USW00013781","WILMINGTON NEW CASTLE CO AIRPORT, DE US","2018-03-16",,,"6.1",",,W","-1.0",",,W",,
"USW00013781","WILMINGTON NEW CASTLE CO AIRPORT, DE US","2018-03-17",,,"8.9",",,W","-3.2",",,W",,
"USW00013781","WILMINGTON NEW CASTLE CO AIRPORT, DE US","2018-03-18",,,"11.1",",,W","-3.2",",,W",,
"USW00013781","WILMINGTON NEW CASTLE CO AIRPORT, DE US","2018-03-19",,,"12.2",",,W","-1.6",",,W",,
"USW00013781","WILMINGTON NEW CASTLE CO AIRPORT, DE US","2018-03-20",,,"2.2",",,W","-1.0",",,W",,
"USW00013781","WILMINGTON NEW CASTLE CO AIRPORT, DE US","2018-03-21",,,"1.1",",,W","-0.5",",,W",,
"USW00013781","WILMINGTON NEW CASTLE CO AIRPORT, DE US","2018-03-22",,,"6.7",",,W","0.0",",,W",,
"USW00013781","WILMINGTON NEW CASTLE CO AIRPORT, DE US","2018-03-23",,,"7.2",",,W","-0.5",",,W",,
"USW00013781","WILMINGTON NEW CASTLE CO AIRPORT, DE US","2018-03-24",,,"9.4",",,W","-1.6",",,W",,
"USW00013781","WILMINGTON NEW CASTLE CO AIRPORT, DE US","2018-03-25",,,"9.4",",,W","-0.5",",,W",,
"USW00013781","WILMINGTON NEW CASTLE CO AIRPORT, DE US","2018-03-26",,,"10.0",",,W","-3.8",",,W",,
"USW00013781","WILMINGTON NEW CASTLE CO AIRPORT, DE US","2018-03-27",,,"6.7",",,W","-2.1",",,W",,
"USW00013781","WILMINGTON NEW CASTLE CO AIRPORT, DE US","2018-03-28",,,"10.0",",,W","3.9",",,W",,
"USW00013781","WILMINGTON NEW CASTLE CO AIRPORT, DE US","2018-03-29",,,"20.0",",,W","7.2",",,W",,
"USW00013781","WILMINGTON NEW CASTLE CO AIRPORT, DE US","2018-03-30",,,"22.2",",,W","6.1",",,W",,
"USW00013781","WILMINGTON NEW CASTLE CO AIRPORT, DE US","2018-03-31",,,"13.3",",,W","1.1",",,W",,
"USW00013781","WILMINGTON NEW CASTLE CO AIRPORT, DE US","2018-04-01","10.9","H,,S","17.2",",,W","6.1",",,W",,
"USW00013781","WILMINGTON NEW CASTLE CO AIRPORT, DE US","2018-04-02","6.4","H,,S","10.0",",,W","2.2",",,W",,
"USW00013781","WILMINGTON NEW CASTLE CO AIRPORT, DE US","2018-04-03","6.0","H,,S","8.3",",,W","4.4",",,W",,
"USW00013781","WILMINGTON NEW CASTLE CO AIRPORT, DE US","2018-04-04","10.6","H,,S","20.0",",,W","3.9",",,W",,
"USW00013781","WILMINGTON NEW CASTLE CO AIRPORT, DE US","2018-04-05","5.1","H,,S","9.4",",,W","0.6",",,W",,
"USW00013781","WILMINGTON NEW CASTLE CO AIRPORT, DE US","2018-04-06","9.1","H,,S","19.4",",,W","4.4",",,W",,
"USW00013781","WILMINGTON NEW CASTLE CO AIRPORT, DE US","2018-04-07","8.7","H,,S","14.4",",,W","2.8",",,W",,
"USW00013781","WILMINGTON NEW CASTLE CO AIRPORT, DE US","2018-04-08","4.2","H,,S","8.9",",,W","-0.5",",,W",,
"USW00013781","WILMINGTON NEW CASTLE CO AIRPORT, DE US","2018-04-09","3.0","H,,S","6.1",",,W","0.0",",,W",,
"USW00013781","WILMINGTON NEW CASTLE CO AIRPORT, DE US","2018-04-10","5.7","H,,S","11.1",",,W","1.1",",,W",,
"USW00013781","WILMINGTON NEW CASTLE CO AIRPORT, DE US","2018-04-11","6.1","H,,S","12.2",",,W","-1.0",",,W",,
"USW00013781","WILMINGTON NEW CASTLE CO AIRPORT, DE US","2018-04-12","12.6","H,,S","22.8",",,W","5.6",",,W",,
"USW00013781","WILMINGTON NEW CASTLE CO AIRPORT, DE US","2018-04-13","20.6","H,,S","28.9",",,W","15.0",",,W",,
"USW00013781","WILMINGTON NEW CASTLE CO AIRPORT, DE US","2018-04-14","22.3","H,,S","27.8",",,W","10.0",",,W",,
"USW00013781","WILMINGTON NEW CASTLE CO AIRPORT, DE US","2018-04-15","8.6","H,,S","10.0",",,W","5.0",",,W",,
"USW00013781","WILMINGTON NEW CASTLE CO AIRPORT, DE US","2018-04-16","10.3","H,,S","17.8",",,W","5.6",",,W",,
"USW00013781","WILMINGTON NEW CASTLE CO AIRPORT, DE US","2018-04-17","6.4","H,,S","8.3",",,W","2.2",",,W",,
"USW00013781","WILMINGTON NEW CASTLE CO AIRPORT, DE US","2018-04-18","7.0","H,,S","13.9",",,W","0.6",",,W",,
"USW00013781","WILMINGTON NEW CASTLE CO AIRPORT, DE US","2018-04-19","9.1","H,,S","12.2",",,W","4.4",",,W",,
"USW00013781","WILMINGTON NEW CASTLE CO AIRPORT, DE US","2018-04-20","7.2","H,,S","13.3",",,W","1.7",",,W",,
"USW00013781","WILMINGTON NEW CASTLE CO AIRPORT, DE US","2018-04-21","8.5","H,,S","16.1",",,W","0.0",",,W",,
"USW00013781","WILMINGTON NEW CASTLE CO AIRPORT, DE US","2018-04-22","11.6","H,,S","17.8",",,W","3.3",",,W",,
"USW00013781","WILMINGTON NEW CASTLE CO AIRPORT, DE US","2018-04-23","12.2","H,,S","18.9",",,W","4.4",",,W",,
"USW00013781","WILMINGTON NEW CASTLE CO AIRPORT, DE US","2018-04-24","12.8","H,,S","17.8",",,W","6.7",",,W",,
"USW00013781","WILMINGTON NEW CASTLE CO AIRPORT, DE US","2018-04-25","15.1","H,,S","20.6",",,W","12.2",",,W",,
"USW00013781","WILMINGTON NEW CASTLE CO AIRPORT, DE US","2018-04-26","15.3","H,,S","20.6",",,W","9.4",",,W",,
"USW00013781","WILMINGTON NEW CASTLE CO AIRPORT, DE US","2018-04-27","13.3","H,,S","15.0",",,W","8.9",",,W",,
"USW00013781","WILMINGTON NEW CASTLE CO AIRPORT, DE US","2018-04-28","13.9","H,,S","21.1",",,W","7.2",",,W",,
"USW00013781","WILMINGTON NEW CASTLE CO AIRPORT, DE US","2018-04-29","10.4","H,,S","12.8",",,W","6.1",",,W",,
"USW00013781","WILMINGTON NEW CASTLE CO AIRPORT, DE US","2018-04-30","11.3","H,,S","20.6",",,W","5.6",",,W",,
"USW00013781","WILMINGTON NEW CASTLE CO AIRPORT, DE US","2018-05-01","16.1","H,,S","26.7",",,W","3.9",",,W",,
"USW00013781","WILMINGTON NEW CASTLE CO AIRPORT, DE US","2018-05-02","21.7","H,,S","31.1",",,W","10.6",",,W",,
"USW00013781","WILMINGTON NEW CASTLE CO AIRPORT, DE US","2018-05-03","24.6","H,,S","32.2",",,W","17.2",",,W",,
"USW00013781","WILMINGTON NEW CASTLE CO AIRPORT, DE US","2018-05-04","25.3","H,,S","31.1",",,W","19.4",",,W",,
"USW00013781","WILMINGTON NEW CASTLE CO AIRPORT, DE US","2018-05-05","20.8","H,,S","23.3",",,D","16.1",",,D",,
"USW00013781","WILMINGTON NEW CASTLE CO AIRPORT, DE US","2018-05-06","17.1","H,,S","21.7",",,D","12.8",",,D",,
"USW00013781","WILMINGTON NEW CASTLE CO AIRPORT, DE US","2018-05-07","17.1","H,,S","23.9",",,D","10.6",",,D",,
"USW00013781","WILMINGTON NEW CASTLE CO AIRPORT, DE US","2018-05-08","17.4","H,,S","25.0",",,D","10.6",",,D",,
"USW00013781","WILMINGTON NEW CASTLE CO AIRPORT, DE US","2018-05-09","17.7","H,,S","25.6",",,D","8.9",",,D",,
"USW00013781","WILMINGTON NEW CASTLE CO AIRPORT, DE US","2018-05-10","17.0","H,,S","25.0",",,D","10.6",",,D",,
"USW00013781","WILMINGTON NEW CASTLE CO AIRPORT, DE US","2018-05-11","20.2","H,,S","26.1",",,D","13.9",",,D",,
"USW00013781","WILMINGTON NEW CASTLE CO AIRPORT, DE US","2018-05-12","18.1","H,,S","23.9",",,D","12.8",",,D",,
"USW00013781","WILMINGTON NEW CASTLE CO AIRPORT, DE US","2018-05-13","14.4","H,,S","15.6",",,D","12.8",",,D",,
"USW00013781","WILMINGTON NEW CASTLE CO AIRPORT, DE US","2018-05-14","16.0","H,,S","22.2",",,D","12.8",",,D",,
"USW00013781","WILMINGTON NEW CASTLE CO AIRPORT, DE US","2018-05-15","22.2","H,,S","30.0",",,D","16.7",",,D",,
"USW00013781","WILMINGTON NEW CASTLE CO AIRPORT, DE US","2018-05-16","19.7","H,,S","21.7",",,D","16.1",",,D",,
"USW00013781","WILMINGTON NEW CASTLE CO AIRPORT, DE US","2018-05-17","17.3","H,,S","20.0",",,D","15.0",",,D",,
"USW00013781","WILMINGTON NEW CASTLE CO AIRPORT, DE US","2018-05-18","17.4","H,,S","19.4",",,D","10.6",",,D",,
"USW00013781","WILMINGTON NEW CASTLE CO AIRPORT, DE US","2018-05-19","13.2","H,,S","21.1",",,D","10.6",",,D",,
"USW00013781","WILMINGTON NEW CASTLE CO AIRPORT, DE US","2018-05-20","22.8","H,,S","28.9",",,D","18.9",",,D",,
"USW00013781","WILMINGTON NEW CASTLE CO AIRPORT, DE US","2018-05-21","20.7","H,,S","26.1",",,D","15.6",",,D",,
"USW00013781","WILMINGTON NEW CASTLE CO AIRPORT, DE US","2018-05-22","17.6","H,,S","19.4",",,D","15.0",",,D",,
"USW00013781","WILMINGTON NEW CASTLE CO AIRPORT, DE US","2018-05-23","21.4","H,,S","27.2",",,D","16.7",",,D",,
"USW00013781","WILMINGTON NEW CASTLE CO AIRPORT, DE US","2018-05-24","21.5","H,,S","28.3",",,D","13.9",",,D",,
"USW00013781","WILMINGTON NEW CASTLE CO AIRPORT, DE US","2018-05-25","22.4","H,,S","29.4",",,D","13.9",",,D",,
"USW00013781","WILMINGTON NEW CASTLE CO AIRPORT, DE US","2018-05-26","25.7","H,,S","32.2",",,D","20.0",",,D",,
"USW00013781","WILMINGTON NEW CASTLE CO AIRPORT, DE US","2018-05-27","22.9","H,,S","26.1",",,D","15.0",",,D",,
"USW00013781","WILMINGTON NEW CASTLE CO AIRPORT, DE US","2018-05-28","16.6","H,,S","20.6",",,D","13.9",",,D",,
"USW00013781","WILMINGTON NEW CASTLE CO AIRPORT, DE US","2018-05-29","21.3","H,,S","27.2",",,D","18.3",",,D",,
"USW00013781","WILMINGTON NEW CASTLE CO AIRPORT, DE US","2018-05-30","21.5","H,,S","25.6",",,D","17.8",",,D",,
"USW00013781","WILMINGTON NEW CASTLE CO AIRPORT, DE US","2018-05-31","20.6","H,,S","26.1",",,D","17.2",",,D",,
"USW00013781","WILMINGTON NEW CASTLE CO AIRPORT, DE US","2018-06-01","24.3","H,,S","28.3",",,D","21.7",",,D",,
"USW00013781","WILMINGTON NEW CASTLE CO AIRPORT, DE US","2018-06-02","24.8","H,,S","29.4",",,D","21.1",",,D",,
"USW00013781","WILMINGTON NEW CASTLE CO AIRPORT, DE US","2018-06-03","18.4","H,,S","22.8",",,D","12.2",",,D",,
"USW00013781","WILMINGTON NEW CASTLE CO AIRPORT, DE US","2018-06-04","16.3","H,,S","23.9",",,D","11.7",",,D",,
"USW00013781","WILMINGTON NEW CASTLE CO AIRPORT, DE US","2018-06-05","19.6","H,,S","26.7",",,D","11.7",",,D",,
"USW00013781","WILMINGTON NEW CASTLE CO AIRPORT, DE US","2018-06-06","18.7","H,,S","23.3",",,D","14.4",",,D",,
"USW00013781","WILMINGTON NEW CASTLE CO AIRPORT, DE US","2018-06-07","19.1","H,,S","23.3",",,D","16.1",",,D",,
"USW00013781","WILMINGTON NEW CASTLE CO AIRPORT, DE US","2018-06-08","20.6","H,,S","26.7",",,D","15.0",",,D",,
"USW00013781","WILMINGTON NEW CASTLE CO AIRPORT, DE US","2018-06-09","23.3","H,,S","30.6",",,D","18.3",",,D",,
"USW00013781","WILMINGTON NEW CASTLE CO AIRPORT, DE US","2018-06-10","21.1","H,,S","25.0",",,D","14.4",",,D",,
"USW00013781","WILMINGTON NEW CASTLE CO AIRPORT, DE US","2018-06-11","16.4","H,,S","21.1",",,D","13.3",",,D",,
"USW00013781","WILMINGTON NEW CASTLE CO AIRPORT, DE US","2018-06-12","17.2","H,,S","22.8",",,D","9.4",",,D",,
"USW00013781","WILMINGTON NEW CASTLE CO AIRPORT, DE US","2018-06-13","22.1","H,,S","26.7",",,D","18.9",",,D",,
"USW00013781","WILMINGTON NEW CASTLE CO AIRPORT, DE US","2018-06-14","25.5","H,,S","28.9",",,D","17.8",",,D",,
"USW00013781","WILMINGTON NEW CASTLE CO AIRPORT, DE US","2018-06-15","21.9","H,,S","27.8",",,D","14.4",",,D",,
"USW00013781","WILMINGTON NEW CASTLE CO AIRPORT, DE US","2018-06-16","22.2","H,,S","29.4",",,D","13.3",",,D",,
"USW00013781","WILMINGTON NEW CASTLE CO AIRPORT, DE US","2018-06-17","24.5","H,,S","31.1",",,D","17.2",",,D",,
"USW00013781","WILMINGTON NEW CASTLE CO AIRPORT, DE US","2018-06-18","26.6","H,,S","33.3",",,D","20.6",",,D",,
"USW00013781","WILMINGTON NEW CASTLE CO AIRPORT, DE US","2018-06-19","27.9","H,,S","31.7",",,D","21.1",",,D",,
"USW00013781","WILMINGTON NEW CASTLE CO AIRPORT, DE US","2018-06-20","24.2","H,,S","28.9",",,D","17.8",",,D",,
"USW00013781","WILMINGTON NEW CASTLE CO AIRPORT, DE US","2018-06-21","24.5","H,,S","29.4",",,D","21.7",",,D",,
"USW00013781","WILMINGTON NEW CASTLE CO AIRPORT, DE US","2018-06-22","21.8","H,,S","22.8",",,D","16.7",",,D",,
"USW00013781","WILMINGTON NEW CASTLE CO AIRPORT, DE US","2018-06-23","19.5","H,,S","23.9",",,D","17.8",",,D",,
"USW00013781","WILMINGTON NEW CASTLE CO AIRPORT, DE US","2018-06-24","25.8","H,,S","31.7",",,D","21.1",",,D",,
"USW00013781","WILMINGTON NEW CASTLE CO AIRPORT, DE US","2018-06-25","24.0","H,,S","29.4",",,W","17.2",",,W",,
"USW00013781","WILMINGTON NEW CASTLE CO AIRPORT, DE US","2018-06-26","21.1","H,,S","26.7",",,W","13.9",",,W",,
"USW00013781","WILMINGTON NEW CASTLE CO AIRPORT, DE US","2018-06-27","21.6","H,,S","23.9",",,W","17.2",",,W",,
"USW00013781","WILMINGTON NEW CASTLE CO AIRPORT, DE US","2018-06-28","26.4","H,,S","32.2",",,W","22.8",",,W",,
"USW00013781","WILMINGTON NEW CASTLE CO AIRPORT, DE US","2018-06-29","27.6","H,,S","33.9",",,W","20.6",",,W",,
"USW00013781","WILMINGTON NEW CASTLE CO AIRPORT, DE US","2018-06-30","28.2","H,,S","36.1",",,W","20.6",",,W",,
